time=2025-11-09 21:51:33,922 level=DEBUG run_id=b17c165f module=car_sim.cli msg="cli_start" run_id='b17c165f'
time=2025-11-09 21:51:33,923 level=INFO run_id=b17c165f module=car_sim.engine msg="race_start" track='Monza' laps=4 run_id='b17c165f'
time=2025-11-09 21:51:33,923 level=DEBUG run_id=b17c165f module=car_sim.engine msg="step" car='Honda Civic Type R' completion=0.0010775862068965517 speed=6.25 run_id='b17c165f'
time=2025-11-09 21:51:33,923 level=DEBUG run_id=b17c165f module=car_sim.engine msg="step" car='Subaru WRX STI' completion=0.0011637931034482758 speed=6.75 run_id='b17c165f'
time=2025-11-09 21:51:33,934 level=DEBUG run_id=b17c165f module=car_sim.engine msg="step" car='Honda Civic Type R' completion=0.0030091930175990844 speed=11.203319502074688 run_id='b17c165f'
time=2025-11-09 21:51:33,934 level=DEBUG run_id=b17c165f module=car_sim.engine msg="step" car='Subaru WRX STI' completion=0.0032145298496126383 speed=11.894273127753303 run_id='b17c165f'
time=2025-11-09 21:51:33,945 level=DEBUG run_id=b17c165f module=car_sim.engine msg="step" car='Honda Civic Type R' completion=0.005648081496745745 speed=15.305553179050634 run_id='b17c165f'
time=2025-11-09 21:51:33,945 level=DEBUG run_id=b17c165f module=car_sim.engine msg="step" car='Subaru WRX STI' completion=0.0059817655527042305 speed=16.04996707793124 run_id='b17c165f'
time=2025-11-09 21:51:33,956 level=DEBUG run_id=b17c165f module=car_sim.engine msg="step" car='Honda Civic Type R' completion=0.00888860433656224 speed=18.79503247093566 run_id='b17c165f'
time=2025-11-09 21:51:33,956 level=DEBUG run_id=b17c165f module=car_sim.engine msg="step" car='Subaru WRX STI' completion=0.009347197075180978 speed=19.519502830365134 run_id='b17c165f'
time=2025-11-09 21:51:33,966 level=DEBUG run_id=b17c165f module=car_sim.engine msg="step" car='Honda Civic Type R' completion=0.01265026695935372 speed=21.817643212190596 run_id='b17c165f'
time=2025-11-09 21:51:33,966 level=DEBUG run_id=b17c165f module=car_sim.engine msg="step" car='Subaru WRX STI' completion=0.013222888178803661 speed=22.47900840101156 run_id='b17c165f'
time=2025-11-09 21:51:33,977 level=DEBUG run_id=b17c165f module=car_sim.engine msg="step" car='Honda Civic Type R' completion=0.01686933319310829 speed=24.470584155776507 run_id='b17c165f'
time=2025-11-09 21:51:33,977 level=DEBUG run_id=b17c165f module=car_sim.engine msg="step" car='Subaru WRX STI' completion=0.017540482958118928 speed=25.042049720028544 run_id='b17c165f'
time=2025-11-09 21:51:33,987 level=DEBUG run_id=b17c165f module=car_sim.engine msg="step" car='Honda Civic Type R' completion=0.021493907956635992 speed=26.82253362846067 run_id='b17c165f'
time=2025-11-09 21:51:33,987 level=DEBUG run_id=b17c165f module=car_sim.engine msg="step" car='Subaru WRX STI' completion=0.022245139265209646 speed=27.28700658112617 run_id='b17c165f'
time=2025-11-09 21:51:33,998 level=DEBUG run_id=b17c165f module=car_sim.engine msg="step" car='Honda Civic Type R' completion=0.026480832940895364 speed=28.924164908704363 run_id='b17c165f'
time=2025-11-09 21:51:33,998 level=DEBUG run_id=b17c165f module=car_sim.engine msg="step" car='Subaru WRX STI' completion=0.0272918094019058 speed=29.270686792837697 run_id='b17c165f'
time=2025-11-09 21:51:34,008 level=DEBUG run_id=b17c165f module=car_sim.engine msg="step" car='Honda Civic Type R' completion=0.03179361437544932 speed=30.814132320412924 run_id='b17c165f'
time=2025-11-09 21:51:34,008 level=DEBUG run_id=b17c165f module=car_sim.engine msg="step" car='Subaru WRX STI' completion=0.03264281185519662 speed=31.03581422908678 run_id='b17c165f'
time=2025-11-09 21:51:34,019 level=DEBUG run_id=b17c165f module=car_sim.engine msg="step" car='Honda Civic Type R' completion=0.03740097845234009 speed=32.52271164596646 run_id='b17c165f'
time=2025-11-09 21:51:34,019 level=DEBUG run_id=b17c165f module=car_sim.engine msg="step" car='Subaru WRX STI' completion=0.038266167820606274 speed=32.61546459937598 run_id='b17c165f'
time=2025-11-09 21:51:34,029 level=DEBUG run_id=b17c165f module=car_sim.engine msg="step" car='Honda Civic Type R' completion=0.04327582871004481 speed=34.074131494687386 run_id='b17c165f'
time=2025-11-09 21:51:34,029 level=DEBUG run_id=b17c165f module=car_sim.engine msg="step" car='Subaru WRX STI' completion=0.04413441743279271 speed=34.03584775068127 run_id='b17c165f'
time=2025-11-09 21:51:34,040 level=DEBUG run_id=b17c165f module=car_sim.engine msg="step" car='Honda Civic Type R' completion=0.049394471789743516 speed=35.48812986225251 run_id='b17c165f'
time=2025-11-09 21:51:34,040 level=DEBUG run_id=b17c165f module=car_sim.engine msg="step" car='Subaru WRX STI' completion=0.05022375091320255 speed=35.31813418637714 run_id='b17c165f'
time=2025-11-09 21:51:34,050 level=DEBUG run_id=b17c165f module=car_sim.engine msg="step" car='Honda Civic Type R' completion=0.05573602863415049 speed=36.78102969756045 run_id='b17c165f'
time=2025-11-09 21:51:34,050 level=DEBUG run_id=b17c165f module=car_sim.engine msg="step" car='Subaru WRX STI' completion=0.05651335429335401 speed=36.4796996048785 run_id='b17c165f'
time=2025-11-09 21:51:34,061 level=DEBUG run_id=b17c165f module=car_sim.engine msg="step" car='Honda Civic Type R' completion=0.06228197757409423 speed=37.96650385167372 run_id='b17c165f'
time=2025-11-09 21:51:34,061 level=DEBUG run_id=b17c165f module=car_sim.engine msg="step" car='Subaru WRX STI' completion=0.06298490595071138 speed=37.53499961267272 run_id='b17c165f'
time=2025-11-09 21:51:34,071 level=DEBUG run_id=b17c165f module=car_sim.engine msg="step" car='Honda Civic Type R' completion=0.06901579354794884 speed=39.056132648356694 run_id='b17c165f'
time=2025-11-09 21:51:34,071 level=DEBUG run_id=b17c165f module=car_sim.engine msg="step" car='Subaru WRX STI' completion=0.06962218196460546 speed=38.496200880585654 run_id='b17c165f'
time=2025-11-09 21:51:34,082 level=DEBUG run_id=b17c165f module=car_sim.engine msg="step" car='Honda Civic Type R' completion=0.07592265889402132 speed=40.05981900722044 run_id='b17c165f'
time=2025-11-09 21:51:34,082 level=DEBUG run_id=b17c165f module=car_sim.engine msg="step" car='Subaru WRX STI' completion=0.076410741784419 speed=39.37364695491857 run_id='b17c165f'
time=2025-11-09 21:51:34,093 level=DEBUG run_id=b17c165f module=car_sim.engine msg="step" car='Honda Civic Type R' completion=0.08298922842534541 speed=40.986103281679696 run_id='b17c165f'
time=2025-11-09 21:51:34,093 level=DEBUG run_id=b17c165f module=car_sim.engine msg="step" car='Subaru WRX STI' completion=0.08333767434396097 speed=40.17620884534339 run_id='b17c165f'
time=2025-11-09 21:51:34,103 level=DEBUG run_id=b17c165f module=car_sim.engine msg="step" car='Honda Civic Type R' completion=0.09020343634920415 speed=41.842405958380716 run_id='b17c165f'
time=2025-11-09 21:51:34,103 level=DEBUG run_id=b17c165f module=car_sim.engine msg="step" car='Subaru WRX STI' completion=0.09039139045918683 speed=40.91155346830994 run_id='b17c165f'
time=2025-11-09 21:51:34,113 level=DEBUG run_id=b17c165f module=car_sim.engine msg="step" car='Honda Civic Type R' completion=0.09755433591302429 speed=42.635217470156796 run_id='b17c165f'
time=2025-11-09 21:51:34,113 level=DEBUG run_id=b17c165f module=car_sim.engine msg="step" car='Subaru WRX STI' completion=0.09756145120819265 speed=41.5863523442338 run_id='b17c165f'
time=2025-11-09 21:51:34,124 level=DEBUG run_id=b17c165f module=car_sim.engine msg="step" car='Honda Civic Type R' completion=0.10503196497794293 speed=43.37024857652809 run_id='b17c165f'
time=2025-11-09 21:51:34,124 level=DEBUG run_id=b17c165f module=car_sim.engine msg="step" car='Subaru WRX STI' completion=0.10483842466707277 speed=42.20644606150474 run_id='b17c165f'
time=2025-11-09 21:51:34,135 level=DEBUG run_id=b17c165f module=car_sim.engine msg="step" car='Honda Civic Type R' completion=0.11262723237370828 speed=44.052550895439026 run_id='b17c165f'
time=2025-11-09 21:51:34,135 level=DEBUG run_id=b17c165f module=car_sim.engine msg="step" car='Subaru WRX STI' completion=0.11221376526526247 speed=42.77697546950028 run_id='b17c165f'
time=2025-11-09 21:51:34,145 level=DEBUG run_id=b17c165f module=car_sim.engine msg="step" car='Honda Civic Type R' completion=0.12033182108596147 speed=44.6866145310685 run_id='b17c165f'
time=2025-11-09 21:51:34,145 level=DEBUG run_id=b17c165f module=car_sim.engine msg="step" car='Subaru WRX STI' completion=0.11967971138375605 speed=43.30248748726272 run_id='b17c165f'
time=2025-11-09 21:51:34,155 level=DEBUG run_id=b17c165f module=car_sim.engine msg="step" car='Honda Civic Type R' completion=0.12813810520815977 speed=45.27644790875009 run_id='b17c165f'
time=2025-11-09 21:51:34,155 level=DEBUG run_id=b17c165f module=car_sim.engine msg="step" car='Subaru WRX STI' completion=0.12722919781379433 speed=43.78702129422203 run_id='b17c165f'
time=2025-11-09 21:51:34,166 level=DEBUG run_id=b17c165f module=car_sim.engine msg="step" car='Honda Civic Type R' completion=0.13603907824808922 speed=45.82564363159088 run_id='b17c165f'
time=2025-11-09 21:51:34,166 level=DEBUG run_id=b17c165f module=car_sim.engine msg="step" car='Subaru WRX STI' completion=0.13485578043123547 speed=44.234179181158616 run_id='b17c165f'
time=2025-11-09 21:51:34,177 level=DEBUG run_id=b17c165f module=car_sim.engine msg="step" car='Honda Civic Type R' completion=0.14402829087608848 speed=46.33743324239575 run_id='b17c165f'
time=2025-11-09 21:51:34,177 level=DEBUG run_id=b17c165f module=car_sim.engine msg="step" car='Subaru WRX STI' completion=0.14255357099639787 speed=44.64718527794182 run_id='b17c165f'
time=2025-11-09 21:51:34,187 level=DEBUG run_id=b17c165f module=car_sim.engine msg="step" car='Honda Civic Type R' completion=0.15209979658235967 speed=46.81473309637279 run_id='b17c165f'
time=2025-11-09 21:51:34,187 level=DEBUG run_id=b17c165f module=car_sim.engine msg="step" car='Subaru WRX STI' completion=0.15031718041120984 speed=45.02893460590956 run_id='b17c165f'
time=2025-11-09 21:51:34,197 level=DEBUG run_id=b17c165f module=car_sim.engine msg="step" car='Honda Civic Type R' completion=0.1602481040047135 speed=47.26018304965235 run_id='b17c165f'
time=2025-11-09 21:51:34,197 level=DEBUG run_id=b17c165f module=car_sim.engine msg="step" car='Subaru WRX STI' completion=0.15814166909028407 speed=45.38203433863059 run_id='b17c165f'
time=2025-11-09 21:51:34,208 level=DEBUG run_id=b17c165f module=car_sim.engine msg="step" car='Honda Civic Type R' completion=0.16846813491762377 speed=47.67617929487953 run_id='b17c165f'
time=2025-11-09 21:51:34,208 level=DEBUG run_id=b17c165f module=car_sim.engine msg="step" car='Subaru WRX STI' completion=0.1660225033550436 speed=45.708838735605156 run_id='b17c165f'
time=2025-11-09 21:51:34,218 level=DEBUG run_id=b17c165f module=car_sim.engine msg="step" car='Honda Civic Type R' completion=0.1767551870543249 speed=48.064902392866685 run_id='b17c165f'
time=2025-11-09 21:51:34,218 level=DEBUG run_id=b17c165f module=car_sim.engine msg="step" car='Subaru WRX STI' completion=0.17395551695821385 speed=46.01147889838763 run_id='b17c165f'
time=2025-11-09 21:51:34,229 level=DEBUG run_id=b17c165f module=car_sim.engine msg="step" car='Honda Civic Type R' completion=0.18510490107741495 speed=48.428341333922056 run_id='b17c165f'
time=2025-11-09 21:51:34,229 level=DEBUG run_id=b17c165f module=car_sim.engine msg="step" car='Subaru WRX STI' completion=0.1819368770029167 speed=46.29188825927641 run_id='b17c165f'
time=2025-11-09 21:51:34,239 level=DEBUG run_id=b17c165f module=car_sim.engine msg="step" car='Honda Civic Type R' completion=0.19351323112854868 speed=48.76831429657565 run_id='b17c165f'
time=2025-11-09 21:51:34,239 level=DEBUG run_id=b17c165f module=car_sim.engine msg="step" car='Subaru WRX STI' completion=0.18996305364586763 speed=46.55182452911556 run_id='b17c165f'
time=2025-11-09 21:51:34,250 level=DEBUG run_id=b17c165f module=car_sim.engine msg="step" car='Honda Civic Type R' completion=0.2019764184807038 speed=49.08648664249971 run_id='b17c165f'
time=2025-11-09 21:51:34,250 level=DEBUG run_id=b17c165f module=car_sim.engine msg="step" car='Subaru WRX STI' completion=0.1980307930749396 speed=46.79288868861729 run_id='b17c165f'
time=2025-11-09 21:51:34,260 level=DEBUG run_id=b17c165f module=car_sim.engine msg="step" car='Honda Civic Type R' completion=0.2104909678919793 speed=49.384386585397905 run_id='b17c165f'
time=2025-11-09 21:51:34,260 level=DEBUG run_id=b17c165f module=car_sim.engine msg="step" car='Subaru WRX STI' completion=0.20613709333298097 speed=47.01654149663994 run_id='b17c165f'
time=2025-11-09 21:51:34,271 level=DEBUG run_id=b17c165f module=car_sim.engine msg="step" car='Honda Civic Type R' completion=0.21905362632161063 speed=49.66341889186165 run_id='b17c165f'
time=2025-11-09 21:51:34,271 level=DEBUG run_id=b17c165f module=car_sim.engine msg="step" car='Subaru WRX STI' completion=0.21427918262634632 speed=47.22411790151908 run_id='b17c165f'
time=2025-11-09 21:51:34,281 level=DEBUG run_id=b17c165f module=car_sim.engine msg="step" car='Honda Civic Type R' completion=0.22766136371966852 speed=49.92487690873584 run_id='b17c165f'
time=2025-11-09 21:51:34,281 level=DEBUG run_id=b17c165f module=car_sim.engine msg="step" car='Subaru WRX STI' completion=0.22245449981122592 speed=47.41683967230157 run_id='b17c165f'
time=2025-11-09 21:51:34,292 level=DEBUG run_id=b17c165f module=car_sim.engine msg="step" car='Honda Civic Type R' completion=0.2363113556439301 speed=50.16995316071704 run_id='b17c165f'
time=2025-11-09 21:51:34,292 level=DEBUG run_id=b17c165f module=car_sim.engine msg="step" car='Subaru WRX STI' completion=0.23066067679595723 speed=47.595826511441686 run_id='b17c165f'
time=2025-11-09 21:51:34,303 level=DEBUG run_id=b17c165f module=car_sim.engine msg="step" car='Honda Civic Type R' completion=0.24500096749236894 speed=50.399748720945304 run_id='b17c165f'
time=2025-11-09 21:51:34,303 level=DEBUG run_id=b17c165f module=car_sim.engine msg="step" car='Subaru WRX STI' completion=0.23889552263493663 speed=47.762105866080546 run_id='b17c165f'
time=2025-11-09 21:51:34,313 level=DEBUG run_id=b17c165f module=car_sim.engine msg="step" car='Honda Civic Type R' completion=0.2537277401689439 speed=50.61528152413468 run_id='b17c165f'
time=2025-11-09 21:51:34,313 level=DEBUG run_id=b17c165f module=car_sim.engine msg="step" car='Subaru WRX STI' completion=0.24715700912098706 speed=47.91662161909275 run_id='b17c165f'
time=2025-11-09 21:51:34,323 level=DEBUG run_id=b17c165f module=car_sim.engine msg="step" car='Honda Civic Type R' completion=0.2624893770249263 speed=50.81749376469801 run_id='b17c165f'
time=2025-11-09 21:51:34,323 level=DEBUG run_id=b17c165f module=car_sim.engine msg="step" car='Subaru WRX STI' completion=0.2554432577092372 speed=48.060241811850524 run_id='b17c165f'
time=2025-11-09 21:51:34,334 level=DEBUG run_id=b17c165f module=car_sim.engine msg="step" car='Honda Civic Type R' completion=0.2712837319387381 speed=51.00725850010839 run_id='b17c165f'
time=2025-11-09 21:51:34,334 level=DEBUG run_id=b17c165f module=car_sim.engine msg="step" car='Subaru WRX STI' completion=0.26375252762764123 speed=48.19376552674337 run_id='b17c165f'
time=2025-11-09 21:51:34,344 level=DEBUG run_id=b17c165f module=car_sim.engine msg="step" car='Honda Civic Type R' completion=0.28010879841484715 speed=51.185385561432476 run_id='b17c165f'
time=2025-11-09 21:51:34,344 level=DEBUG run_id=b17c165f module=car_sim.engine msg="step" car='Subaru WRX STI' completion=0.2720832050479565 speed=48.31792903782862 run_id='b17c165f'
time=2025-11-09 21:51:34,354 level=DEBUG run_id=b17c165f module=car_sim.engine msg="step" car='Honda Civic Type R' completion=0.2889626995972278 speed=51.35262685780794 run_id='b17c165f'
time=2025-11-09 21:51:34,354 level=DEBUG run_id=b17c165f module=car_sim.engine msg="step" car='Subaru WRX STI' completion=0.28043379320687706 speed=48.4334113217393 run_id='b17c165f'
time=2025-11-09 21:51:34,365 level=DEBUG run_id=b17c165f module=car_sim.engine msg="step" car='Honda Civic Type R' completion=0.2978436791056799 speed=51.50968114902208 run_id='b17c165f'
time=2025-11-09 21:51:34,365 level=DEBUG run_id=b17c165f module=car_sim.engine msg="step" car='Subaru WRX STI' completion=0.2888029033805812 speed=48.540839007484095 run_id='b17c165f'
time=2025-11-09 21:51:34,375 level=DEBUG run_id=b17c165f module=car_sim.engine msg="step" car='Honda Civic Type R' completion=0.306750092614267 speed=51.65719834980509 run_id='b17c165f'
time=2025-11-09 21:51:34,375 level=DEBUG run_id=b17c165f module=car_sim.engine msg="step" car='Subaru WRX STI' completion=0.29718924662756757 speed=48.64079083252117 run_id='b17c165f'
time=2025-11-09 21:51:34,386 level=DEBUG run_id=b17c165f module=car_sim.engine msg="step" car='Honda Civic Type R' completion=0.315680400100578 speed=51.79578342060397 run_id='b17c165f'
time=2025-11-09 21:51:34,386 level=DEBUG run_id=b17c165f module=car_sim.engine msg="step" car='Subaru WRX STI' completion=0.30559162622464714 speed=48.73380166306144 run_id='b17c165f'
time=2025-11-09 21:51:34,396 level=DEBUG run_id=b17c165f module=car_sim.engine msg="step" car='Honda Civic Type R' completion=0.32463315870267245 speed=51.9259998921476 run_id='b17c165f'
time=2025-11-09 21:51:34,396 level=DEBUG run_id=b17c165f module=car_sim.engine msg="step" car='Subaru WRX STI' completion=0.314008930729583 speed=48.82036612862818 run_id='b17c165f'
time=2025-11-09 21:51:34,407 level=DEBUG run_id=b17c165f module=car_sim.engine msg="step" car='Honda Civic Type R' completion=0.3336070161276394 speed=52.04837306480847 run_id='b17c165f'
time=2025-11-09 21:51:34,407 level=DEBUG run_id=b17c165f module=car_sim.engine msg="step" car='Subaru WRX STI' completion=0.32244012761134244 speed=48.90094191420456 run_id='b17c165f'
time=2025-11-09 21:51:34,417 level=DEBUG run_id=b17c165f module=car_sim.engine msg="step" car='Honda Civic Type R' completion=0.3426007045618486 speed=52.16339291841332 run_id='b17c165f'
time=2025-11-09 21:51:34,417 level=DEBUG run_id=b17c165f module=car_sim.engine msg="step" car='Subaru WRX STI' completion=0.3308842573954159 speed=48.97595274762569 run_id='b17c165f'
time=2025-11-09 21:51:34,428 level=DEBUG run_id=b17c165f module=car_sim.engine msg="step" car='Honda Civic Type R' completion=0.3516130350383306 speed=52.27151676359542 run_id='b17c165f'
time=2025-11-09 21:51:34,428 level=DEBUG run_id=b17c165f module=car_sim.engine msg="step" car='Subaru WRX STI' completion=0.33934042827731997 speed=49.045791115043606 run_id='b17c165f'
time=2025-11-09 21:51:34,438 level=DEBUG run_id=b17c165f module=car_sim.engine msg="step" car='Honda Civic Type R' completion=0.36064289222141394 speed=52.37317166188355 run_id='b17c165f'
time=2025-11-09 21:51:34,438 level=DEBUG run_id=b17c165f module=car_sim.engine msg="step" car='Subaru WRX STI' completion=0.34780781116234966 speed=49.1108207331722 run_id='b17c165f'
time=2025-11-09 21:51:34,449 level=DEBUG run_id=b17c165f module=car_sim.engine msg="step" car='Honda Civic Type R' completion=0.36968922957285894 speed=52.4687566383807 run_id='b17c165f'
time=2025-11-09 21:51:34,449 level=DEBUG run_id=b17c165f module=car_sim.engine msg="step" car='Subaru WRX STI' completion=0.3562856350939856 speed=49.17137880348872 run_id='b17c165f'
time=2025-11-09 21:51:34,459 level=DEBUG run_id=b17c165f module=car_sim.engine msg="step" car='Honda Civic Type R' completion=0.3787510648673435 speed=52.558644708010604 run_id='b17c165f'
time=2025-11-09 21:51:34,459 level=DEBUG run_id=b17c165f module=car_sim.engine msg="step" car='Subaru WRX STI' completion=0.3647731830371812 speed=49.227778070534654 run_id='b17c165f'
time=2025-11-09 21:51:34,469 level=DEBUG run_id=b17c165f module=car_sim.engine msg="step" car='Honda Civic Type R' completion=0.3878274760283487 speed=52.64318473383036 run_id='b17c165f'
time=2025-11-09 21:51:34,469 level=DEBUG run_id=b17c165f module=car_sim.engine msg="step" car='Subaru WRX STI' completion=0.37326978798611976 speed=49.280308703843666 run_id='b17c165f'
time=2025-11-09 21:51:34,480 level=DEBUG run_id=b17c165f module=car_sim.engine msg="step" car='Honda Civic Type R' completion=0.39691759725830755 speed=52.72270313376117 run_id='b17c165f'
time=2025-11-09 21:51:34,480 level=DEBUG run_id=b17c165f module=car_sim.engine msg="step" car='Subaru WRX STI' completion=0.38177482936900997 speed=49.32924002076318 run_id='b17c165f'
time=2025-11-09 21:51:34,490 level=DEBUG run_id=b17c165f module=car_sim.engine msg="step" car='Honda Civic Type R' completion=0.40602061543938134 speed=52.79750545022787 run_id='b17c165f'
time=2025-11-09 21:51:34,490 level=DEBUG run_id=b17c165f module=car_sim.engine msg="step" car='Subaru WRX STI' completion=0.39028772972512643 speed=49.374822065475314 run_id='b17c165f'
time=2025-11-09 21:51:34,500 level=DEBUG run_id=b17c165f module=car_sim.engine msg="step" car='Honda Civic Type R' completion=0.4151357667834465 speed=52.867877795577996 run_id='b17c165f'
time=2025-11-09 21:51:34,500 level=DEBUG run_id=b17c165f module=car_sim.engine msg="step" car='Subaru WRX STI' completion=0.3988079516316467 speed=49.41728705781775 run_id='b17c165f'
time=2025-11-09 21:51:34,511 level=DEBUG run_id=b17c165f module=car_sim.engine msg="step" car='Honda Civic Type R' completion=0.42426233371184974 speed=52.934088184738826 run_id='b17c165f'
time=2025-11-09 21:51:34,511 level=DEBUG run_id=b17c165f module=car_sim.engine msg="step" car='Subaru WRX STI' completion=0.4073349948599257 speed=49.45685072401841 run_id='b17c165f'
time=2025-11-09 21:51:34,521 level=DEBUG run_id=b17c165f module=car_sim.engine msg="step" car='Honda Civic Type R' completion=0.4333996419472524 speed=52.99638776533536 run_id='b17c165f'
time=2025-11-09 21:51:34,521 level=DEBUG run_id=b17c165f module=car_sim.engine msg="step" car='Subaru WRX STI' completion=0.4158683937427115 speed=49.493713520157506 run_id='b17c165f'
time=2025-11-09 21:51:34,532 level=DEBUG run_id=b17c165f module=car_sim.engine msg="step" car='Honda Civic Type R' completion=0.44254705780146103 speed=53.05501195440996 run_id='b17c165f'
time=2025-11-09 21:51:34,532 level=DEBUG run_id=b17c165f module=car_sim.engine msg="step" car='Subaru WRX STI' completion=0.4244077147354755 speed=49.52806175803129 run_id='b17c165f'
time=2025-11-09 21:51:34,542 level=DEBUG run_id=b17c165f module=car_sim.engine msg="step" car='Honda Civic Type R' completion=0.45170398564455294 speed=53.110181489933 run_id='b17c165f'
time=2025-11-09 21:51:34,542 level=DEBUG run_id=b17c165f module=car_sim.engine msg="step" car='Subaru WRX STI' completion=0.43295255415652556 speed=49.560068642090116 run_id='b17c165f'
time=2025-11-09 21:51:34,552 level=DEBUG run_id=b17c165f module=car_sim.engine msg="step" car='Honda Civic Type R' completion=0.460869865541873 speed=53.162103404456516 run_id='b17c165f'
time=2025-11-09 21:51:34,552 level=DEBUG run_id=b17c165f module=car_sim.engine msg="step" car='Subaru WRX STI' completion=0.441502536091912 speed=49.58989522524131 run_id='b17c165f'
time=2025-11-09 21:51:34,563 level=DEBUG run_id=b17c165f module=car_sim.engine msg="step" car='Honda Civic Type R' completion=0.47004417104661844 speed=53.21097192752368 run_id='b17c165f'
time=2025-11-09 21:51:34,563 level=DEBUG run_id=b17c165f module=car_sim.engine msg="step" car='Subaru WRX STI' completion=0.4500573104523479 speed=49.617691290528455 run_id='b17c165f'
time=2025-11-09 21:51:34,573 level=DEBUG run_id=b17c165f module=car_sim.engine msg="step" car='Honda Civic Type R' completion=0.47922640713675524 speed=53.256969322793175 run_id='b17c165f'
time=2025-11-09 21:51:34,573 level=DEBUG run_id=b17c165f module=car_sim.engine msg="step" car='Subaru WRX STI' completion=0.45861655117045297 speed=49.6435961650091 run_id='b17c165f'
time=2025-11-09 21:51:34,583 level=DEBUG run_id=b17c165f module=car_sim.engine msg="step" car='Honda Civic Type R' completion=0.4884161082859377 speed=53.30026666525832 run_id='b17c165f'
time=2025-11-09 21:51:34,583 level=DEBUG run_id=b17c165f module=car_sim.engine msg="step" car='Subaru WRX STI' completion=0.46717995452761524 speed=49.66773947154136 run_id='b17c165f'
time=2025-11-09 21:51:34,594 level=DEBUG run_id=b17c165f module=car_sim.engine msg="step" car='Honda Civic Type R' completion=0.49761283665894224 speed=53.34102456342626 run_id='b17c165f'
time=2025-11-09 21:51:34,594 level=DEBUG run_id=b17c165f module=car_sim.engine msg="step" car='Subaru WRX STI' completion=0.4757472376006577 speed=49.69024182364634 run_id='b17c165f'
time=2025-11-09 21:51:34,604 level=DEBUG run_id=b17c165f module=car_sim.engine msg="step" car='Honda Civic Type R' completion=0.5068161804228843 speed=53.37939383086466 run_id='b17c165f'
time=2025-11-09 21:51:34,604 level=DEBUG run_id=b17c165f module=car_sim.engine msg="step" car='Subaru WRX STI' completion=0.48431813681930064 speed=49.71121546812888 run_id='b17c165f'
time=2025-11-09 21:51:34,614 level=DEBUG run_id=b17c165f module=car_sim.engine msg="step" car='Honda Civic Type R' completion=0.5160257521661801 speed=53.41551611111524 run_id='b17c165f'
time=2025-11-09 21:51:34,614 level=DEBUG run_id=b17c165f module=car_sim.engine msg="step" car='Subaru WRX STI' completion=0.49289240662614664 speed=49.73076487970689 run_id='b17c165f'
time=2025-11-09 21:51:34,625 level=DEBUG run_id=b17c165f module=car_sim.engine msg="step" car='Honda Civic Type R' completion=0.5252411874178368 speed=53.44952445960887 run_id='b17c165f'
time=2025-11-09 21:51:34,625 level=DEBUG run_id=b17c165f module=car_sim.engine msg="step" car='Subaru WRX STI' completion=0.5014698182315799 speed=49.74898731151287 run_id='b17c165f'
time=2025-11-09 21:51:34,635 level=DEBUG run_id=b17c165f module=car_sim.engine msg="step" car='Honda Civic Type R' completion=0.5344621432602317 speed=53.48154388589062 run_id='b17c165f'
time=2025-11-09 21:51:34,635 level=DEBUG run_id=b17c165f module=car_sim.engine msg="step" car='Subaru WRX STI' completion=0.5100501584565772 speed=49.765973304984634 run_id='b17c165f'
time=2025-11-09 21:51:34,646 level=DEBUG run_id=b17c165f module=car_sim.engine msg="step" car='Honda Civic Type R' completion=0.5436882970290542 speed=53.511691859170796 run_id='b17c165f'
time=2025-11-09 21:51:34,646 level=DEBUG run_id=b17c165f module=car_sim.engine msg="step" car='Subaru WRX STI' completion=0.5186332286569826 speed=49.781807162351264 run_id='b17c165f'
time=2025-11-09 21:51:34,656 level=DEBUG run_id=b17c165f module=car_sim.engine msg="step" car='Honda Civic Type R' completion=0.5529193450945638 speed=53.540078779955 run_id='b17c165f'
time=2025-11-09 21:51:34,656 level=DEBUG run_id=b17c165f module=car_sim.engine msg="step" car='Subaru WRX STI' completion=0.5272188437232999 speed=49.79656738464041 run_id='b17c165f'
time=2025-11-09 21:51:34,667 level=DEBUG run_id=b17c165f module=car_sim.engine msg="step" car='Honda Civic Type R' completion=0.5621550017187482 speed=53.56680842027043 run_id='b17c165f'
time=2025-11-09 21:51:34,667 level=DEBUG run_id=b17c165f module=car_sim.engine msg="step" car='Subaru WRX STI' completion=0.5358068311505207 speed=49.810327077881006 run_id='b17c165f'
time=2025-11-09 21:51:34,678 level=DEBUG run_id=b17c165f module=car_sim.engine msg="step" car='Honda Civic Type R' completion=0.5713949979833676 speed=53.59197833479213 run_id='b17c165f'
time=2025-11-09 21:51:34,678 level=DEBUG run_id=b17c165f module=car_sim.engine msg="step" car='Subaru WRX STI' completion=0.5443970301729256 speed=49.82315432994786 run_id='b17c165f'
time=2025-11-09 21:51:34,688 level=DEBUG run_id=b17c165f module=car_sim.engine msg="step" car='Honda Civic Type R' completion=0.5806390807842263 speed=53.61568024498114 run_id='b17c165f'
time=2025-11-09 21:51:34,688 level=DEBUG run_id=b17c165f module=car_sim.engine msg="step" car='Subaru WRX STI' completion=0.5529892909591824 speed=49.835112560288955 run_id='b17c165f'
time=2025-11-09 21:51:34,698 level=DEBUG run_id=b17c165f module=car_sim.engine msg="step" car='Honda Civic Type R' completion=0.5898870118873596 speed=53.63800039817257 run_id='b17c165f'
time=2025-11-09 21:51:34,698 level=DEBUG run_id=b17c165f module=car_sim.engine msg="step" car='Subaru WRX STI' completion=0.561583473863422 speed=49.846260844590006 run_id='b17c165f'
time=2025-11-09 21:51:34,709 level=DEBUG run_id=b17c165f module=car_sim.engine msg="step" car='Honda Civic Type R' completion=0.5991385670431172 speed=53.65901990339426 run_id='b17c165f'
time=2025-11-09 21:51:34,709 level=DEBUG run_id=b17c165f module=car_sim.engine msg="step" car='Subaru WRX STI' completion=0.5701794487282948 speed=49.85665421626201 run_id='b17c165f'
time=2025-11-09 21:51:34,719 level=DEBUG run_id=b17c165f module=car_sim.engine msg="step" car='Honda Civic Type R' completion=0.6083935351544196 speed=53.67881504555419 run_id='b17c165f'
time=2025-11-09 21:51:34,719 level=DEBUG run_id=b17c165f module=car_sim.engine msg="step" car='Subaru WRX STI' completion=0.5787770942363093 speed=49.86634394648405 run_id='b17c165f'
time=2025-11-09 21:51:34,730 level=DEBUG run_id=b17c165f module=car_sim.engine msg="step" car='Honda Civic Type R' completion=0.6176517174957137 speed=53.697457579505155 run_id='b17c165f'
time=2025-11-09 21:51:34,730 level=DEBUG run_id=b17c165f module=car_sim.engine msg="step" car='Subaru WRX STI' completion=0.5873762973060325 speed=49.87537780439434 run_id='b17c165f'
time=2025-11-09 21:51:34,740 level=DEBUG run_id=b17c165f module=car_sim.engine msg="step" car='Honda Civic Type R' completion=0.6269129269793995 speed=53.7150150053775 run_id='b17c165f'
time=2025-11-09 21:51:34,740 level=DEBUG run_id=b17c165f module=car_sim.engine msg="step" car='Subaru WRX STI' completion=0.59597695252998 speed=49.883800298895295 run_id='b17c165f'
time=2025-11-09 21:51:34,750 level=DEBUG run_id=b17c165f module=car_sim.engine msg="step" car='Honda Civic Type R' completion=0.6361769874667207 speed=53.73155082646337 run_id='b17c165f'
time=2025-11-09 21:51:34,750 level=DEBUG run_id=b17c165f module=car_sim.engine msg="step" car='Subaru WRX STI' completion=0.6045789616512597 speed=49.89165290342285 run_id='b17c165f'
time=2025-11-09 21:51:34,761 level=DEBUG run_id=b17c165f module=car_sim.engine msg="step" car='Honda Civic Type R' completion=0.6454437331203134 speed=53.74712479083808 run_id='b17c165f'
time=2025-11-09 21:51:34,761 level=DEBUG run_id=b17c165f module=car_sim.engine msg="step" car='Subaru WRX STI' completion=0.6131822330762468 speed=49.898974264924426 run_id='b17c165f'
time=2025-11-09 21:51:34,771 level=DEBUG run_id=b17c165f module=car_sim.engine msg="step" car='Honda Civic Type R' completion=0.6547130077957988 speed=53.76179311781507 run_id='b17c165f'
time=2025-11-09 21:51:34,771 level=DEBUG run_id=b17c165f module=car_sim.engine msg="step" car='Subaru WRX STI' completion=0.6217866814207628 speed=49.90580039819334 run_id='b17c165f'
time=2025-11-09 21:51:34,782 level=DEBUG run_id=b17c165f module=car_sim.engine msg="step" car='Honda Civic Type R' completion=0.6639846644699796 speed=53.77560871024891 run_id='b17c165f'
time=2025-11-09 21:51:34,782 level=DEBUG run_id=b17c165f module=car_sim.engine msg="step" car='Subaru WRX STI' completion=0.6303922270874213 speed=49.91216486661921 run_id='b17c165f'
time=2025-11-09 21:51:34,792 level=DEBUG run_id=b17c165f module=car_sim.engine msg="step" car='Honda Civic Type R' completion=0.6732585647033635 speed=53.78862135362645 run_id='b17c165f'
time=2025-11-09 21:51:34,792 level=DEBUG run_id=b17c165f module=car_sim.engine msg="step" car='Subaru WRX STI' completion=0.6389987958719614 speed=49.918098950332755 run_id='b17c165f'
time=2025-11-09 21:51:34,803 level=DEBUG run_id=b17c165f module=car_sim.engine msg="step" car='Honda Civic Type R' completion=0.6825345781348837 speed=53.800877902817305 run_id='b17c165f'
time=2025-11-09 21:51:34,803 level=DEBUG run_id=b17c165f module=car_sim.engine msg="step" car='Subaru WRX STI' completion=0.647606318596556 speed=49.92363180264942 run_id='b17c165f'
time=2025-11-09 21:51:34,813 level=DEBUG run_id=b17c165f module=car_sim.engine msg="step" car='Honda Civic Type R' completion=0.6918125820068306 speed=53.812422457292215 run_id='b17c165f'
time=2025-11-09 21:51:34,813 level=DEBUG run_id=b17c165f module=car_sim.engine msg="step" car='Subaru WRX STI' completion=0.6562147307682196 speed=49.9287905956478 run_id='b17c165f'
time=2025-11-09 21:51:34,824 level=DEBUG run_id=b17c165f module=car_sim.engine msg="step" car='Honda Civic Type R' completion=0.7010924607181341 speed=53.823296525560075 run_id='b17c165f'
time=2025-11-09 21:51:34,824 level=DEBUG run_id=b17c165f module=car_sim.engine msg="step" car='Subaru WRX STI' completion=0.6648239722605742 speed=49.933600655656655 run_id='b17c165f'
time=2025-11-09 21:51:34,834 level=DEBUG run_id=b17c165f module=car_sim.engine msg="step" car='Honda Civic Type R' completion=0.7103741054042585 speed=53.83353917952111 run_id='b17c165f'
time=2025-11-09 21:51:34,834 level=DEBUG run_id=b17c165f module=car_sim.engine msg="step" car='Subaru WRX STI' completion=0.6734339870173615 speed=49.93808558936641 run_id='b17c165f'
time=2025-11-09 21:51:34,844 level=DEBUG run_id=b17c165f module=car_sim.engine msg="step" car='Honda Civic Type R' completion=0.7196574135420836 speed=53.84318719938496 run_id='b17c165f'
time=2025-11-09 21:51:34,844 level=DEBUG run_id=b17c165f module=car_sim.engine msg="step" car='Subaru WRX STI' completion=0.682044722776194 speed=49.94226740122834 run_id='b17c165f'
time=2025-11-09 21:51:34,855 level=DEBUG run_id=b17c165f module=car_sim.engine msg="step" car='Honda Civic Type R' completion=0.7289422885782485 speed=53.8522752097572 run_id='b17c165f'
time=2025-11-09 21:51:34,855 level=DEBUG run_id=b17c165f module=car_sim.engine msg="step" car='Subaru WRX STI' completion=0.690656130811152 speed=49.9461666027558 run_id='b17c165f'
time=2025-11-09 21:51:34,865 level=DEBUG run_id=b17c165f module=car_sim.engine msg="step" car='Honda Civic Type R' completion=0.7382286395795341 speed=53.86083580745643 run_id='b17c165f'
time=2025-11-09 21:51:34,865 level=DEBUG run_id=b17c165f module=car_sim.engine msg="step" car='Subaru WRX STI' completion=0.6992681656929273 speed=49.949802314296825 run_id='b17c165f'
time=2025-11-09 21:51:34,875 level=DEBUG run_id=b17c165f module=car_sim.engine msg="step" car='Honda Civic Type R' completion=0.7475163809039453 speed=53.868899681585404 run_id='b17c165f'
time=2025-11-09 21:51:34,875 level=DEBUG run_id=b17c165f module=car_sim.engine msg="step" car='Subaru WRX STI' completion=0.7078807850653076 speed=49.95319235980618 run_id='b17c165f'
time=2025-11-09 21:51:34,886 level=DEBUG run_id=b17c165f module=car_sim.engine msg="step" car='Honda Civic Type R' completion=0.7568054318912462 speed=53.87649572634446 run_id='b17c165f'
time=2025-11-09 21:51:34,886 level=DEBUG run_id=b17c165f module=car_sim.engine msg="step" car='Subaru WRX STI' completion=0.7164939494368776 speed=49.95635335510657 run_id='b17c165f'
time=2025-11-09 21:51:34,896 level=DEBUG run_id=b17c165f module=car_sim.engine msg="step" car='Honda Civic Type R' completion=0.7660957165717708 speed=53.88365114704245 run_id='b17c165f'
time=2025-11-09 21:51:34,896 level=DEBUG run_id=b17c165f module=car_sim.engine msg="step" car='Subaru WRX STI' completion=0.7251076219868937 speed=49.95930079009336 run_id='b17c165f'
time=2025-11-09 21:51:34,907 level=DEBUG run_id=b17c165f module=car_sim.engine msg="step" car='Honda Civic Type R' completion=0.7753871633924139 speed=53.890391559730126 run_id='b17c165f'
time=2025-11-09 21:51:34,907 level=DEBUG run_id=b17c165f module=car_sim.engine msg="step" car='Subaru WRX STI' completion=0.73372176838436 speed=49.96204910530463 run_id='b17c165f'
time=2025-11-09 21:51:34,917 level=DEBUG run_id=b17c165f module=car_sim.engine msg="step" car='Honda Civic Type R' completion=0.7846797049587678 speed=53.89674108485264 run_id='b17c165f'
time=2025-11-09 21:51:34,917 level=DEBUG run_id=b17c165f module=car_sim.engine msg="step" car='Subaru WRX STI' completion=0.7423363566194028 speed=49.964611763248186 run_id='b17c165f'
time=2025-11-09 21:51:34,927 level=DEBUG run_id=b17c165f module=car_sim.engine msg="step" car='Honda Civic Type R' completion=0.7939732777924389 speed=53.90272243529179 run_id='b17c165f'
time=2025-11-09 21:51:34,927 level=DEBUG run_id=b17c165f module=car_sim.engine msg="step" car='Subaru WRX STI' completion=0.7509513568461009 speed=49.967001314849114 run_id='b17c165f'
time=2025-11-09 21:51:34,938 level=DEBUG run_id=b17c165f module=car_sim.engine msg="step" car='Honda Civic Type R' completion=0.8032678221026361 speed=53.90835699914435 run_id='b17c165f'
time=2025-11-09 21:51:34,938 level=DEBUG run_id=b17c165f module=car_sim.engine msg="step" car='Subaru WRX STI' completion=0.7595667412359899 speed=49.96922946135585 run_id='b17c165f'
time=2025-11-09 21:51:34,949 level=DEBUG run_id=b17c165f module=car_sim.engine msg="step" car='Honda Civic Type R' completion=0.8125632815711812 speed=53.913664917560276 run_id='b17c165f'
time=2025-11-09 21:51:34,949 level=DEBUG run_id=b17c165f module=car_sim.engine msg="step" car='Subaru WRX STI' completion=0.7681824838415103 speed=49.971307112018636 run_id='b17c165f'
time=2025-11-09 21:51:34,959 level=DEBUG run_id=b17c165f module=car_sim.engine msg="step" car='Honda Civic Type R' completion=0.821859603150137 speed=53.918665157943735 run_id='b17c165f'
time=2025-11-09 21:51:34,959 level=DEBUG run_id=b17c165f module=car_sim.engine msg="step" car='Subaru WRX STI' completion=0.7767985604687228 speed=49.9732444378321 run_id='b17c165f'
time=2025-11-09 21:51:34,970 level=DEBUG run_id=b17c165f module=car_sim.engine msg="step" car='Honda Civic Type R' completion=0.8311567368713094 speed=53.92337558280034 run_id='b17c165f'
time=2025-11-09 21:51:34,970 level=DEBUG run_id=b17c165f module=car_sim.engine msg="step" car='Subaru WRX STI' completion=0.7854149485586562 speed=49.975050921613324 run_id='b17c165f'
time=2025-11-09 21:51:34,980 level=DEBUG run_id=b17c165f module=car_sim.engine msg="step" car='Honda Civic Type R' completion=0.8404546356669121 speed=53.927813014495854 run_id='b17c165f'
time=2025-11-09 21:51:34,980 level=DEBUG run_id=b17c165f module=car_sim.engine msg="step" car='Subaru WRX STI' completion=0.7940316270767023 speed=49.97673540466742 run_id='b17c165f'
time=2025-11-09 21:51:34,990 level=DEBUG run_id=b17c165f module=car_sim.engine msg="step" car='Honda Civic Type R' completion=0.8497532552007354 speed=53.93199329617487 run_id='b17c165f'
time=2025-11-09 21:51:34,990 level=DEBUG run_id=b17c165f module=car_sim.engine msg="step" car='Subaru WRX STI' completion=0.8026485764095083 speed=49.97830613027533 run_id='b17c165f'
time=2025-11-09 21:51:35,001 level=DEBUG run_id=b17c165f module=car_sim.engine msg="step" car='Honda Civic Type R' completion=0.8590525537091962 speed=53.935931349072135 run_id='b17c165f'
time=2025-11-09 21:51:35,001 level=DEBUG run_id=b17c165f module=car_sim.engine msg="step" car='Subaru WRX STI' completion=0.8112657782688569 speed=49.97977078422186 run_id='b17c165f'
time=2025-11-09 21:51:35,011 level=DEBUG run_id=b17c165f module=car_sim.engine msg="step" car='Honda Civic Type R' completion=0.8683524918516848 speed=53.93964122643452 run_id='b17c165f'
time=2025-11-09 21:51:35,011 level=DEBUG run_id=b17c165f module=car_sim.engine msg="step" car='Subaru WRX STI' completion=0.819883215602058 speed=49.981136532567064 run_id='b17c165f'
time=2025-11-09 21:51:35,022 level=DEBUG run_id=b17c165f module=car_sim.engine msg="step" car='Honda Civic Type R' completion=0.8776530325696603 speed=53.94313616425808 run_id='b17c165f'
time=2025-11-09 21:51:35,022 level=DEBUG run_id=b17c165f module=car_sim.engine msg="step" car='Subaru WRX STI' completion=0.8285008725084114 speed=49.98241005684962 run_id='b17c165f'
time=2025-11-09 21:51:35,032 level=DEBUG run_id=b17c165f module=car_sim.engine msg="step" car='Honda Civic Type R' completion=0.8869541409539763 speed=53.94642862903181 run_id='b17c165f'
time=2025-11-09 21:51:35,032 level=DEBUG run_id=b17c165f module=car_sim.engine msg="step" car='Subaru WRX STI' completion=0.8371187341613249 speed=49.983597586898135 run_id='b17c165f'
time=2025-11-09 21:51:35,043 level=DEBUG run_id=b17c165f module=car_sim.engine msg="step" car='Honda Civic Type R' completion=0.8962557841199533 speed=53.94953036266768 run_id='b17c165f'
time=2025-11-09 21:51:35,043 level=DEBUG run_id=b17c165f module=car_sim.engine msg="step" car='Subaru WRX STI' completion=0.8457367867357066 speed=49.98470493141373 run_id='b17c165f'
time=2025-11-09 21:51:35,053 level=DEBUG run_id=b17c165f module=car_sim.engine msg="step" car='Honda Civic Type R' completion=0.9055579310897439 speed=53.95245242478567 run_id='b17c165f'
time=2025-11-09 21:51:35,053 level=DEBUG run_id=b17c165f module=car_sim.engine msg="step" car='Subaru WRX STI' completion=0.8543550173402715 speed=49.98573750647637 run_id='b17c165f'
time=2025-11-09 21:51:35,064 level=DEBUG run_id=b17c165f module=car_sim.engine msg="step" car='Honda Civic Type R' completion=0.9148605526815563 speed=53.9552052325118 run_id='b17c165f'
time=2025-11-09 21:51:35,064 level=DEBUG run_id=b17c165f module=car_sim.engine msg="step" car='Subaru WRX STI' completion=0.8629734139544296 speed=49.98670036211644 run_id='b17c165f'
time=2025-11-09 21:51:35,074 level=DEBUG run_id=b17c165f module=car_sim.engine msg="step" car='Honda Civic Type R' completion=0.9241636214053387 speed=53.95779859793775 run_id='b17c165f'
time=2025-11-09 21:51:35,074 level=DEBUG run_id=b17c165f module=car_sim.engine msg="step" car='Subaru WRX STI' completion=0.8715919653694439 speed=49.98759820708371 run_id='b17c165f'
time=2025-11-09 21:51:35,085 level=DEBUG run_id=b17c165f module=car_sim.engine msg="step" car='Honda Civic Type R' completion=0.9334671113645423 speed=53.960241763381234 run_id='b17c165f'
time=2025-11-09 21:51:35,085 level=DEBUG run_id=b17c165f module=car_sim.engine msg="step" car='Subaru WRX STI' completion=0.8802106611335709 speed=49.98843543193645 run_id='b17c165f'
time=2025-11-09 21:51:35,095 level=DEBUG run_id=b17c165f module=car_sim.engine msg="step" car='Honda Civic Type R' completion=0.9427709981636075 speed=53.962543434578045 run_id='b17c165f'
time=2025-11-09 21:51:35,095 level=DEBUG run_id=b17c165f module=car_sim.engine msg="step" car='Subaru WRX STI' completion=0.8888294915009097 speed=49.98921613056517 run_id='b17c165f'
time=2025-11-09 21:51:35,106 level=DEBUG run_id=b17c165f module=car_sim.engine msg="step" car='Honda Civic Type R' completion=0.9520752588208365 speed=53.96471181192856 run_id='b17c165f'
time=2025-11-09 21:51:35,106 level=DEBUG run_id=b17c165f module=car_sim.engine msg="step" car='Subaru WRX STI' completion=0.8974484473837129 speed=49.989944120257476 run_id='b17c165f'
time=2025-11-09 21:51:35,116 level=DEBUG run_id=b17c165f module=car_sim.engine msg="step" car='Honda Civic Type R' completion=0.961379871686339 speed=53.966754619914106 run_id='b17c165f'
time=2025-11-09 21:51:35,116 level=DEBUG run_id=b17c165f module=car_sim.engine msg="step" car='Subaru WRX STI' completion=0.9060675203079203 speed=49.99062296040344 run_id='b17c165f'
time=2025-11-09 21:51:35,127 level=DEBUG run_id=b17c165f module=car_sim.engine msg="step" car='Honda Civic Type R' completion=0.9706848163647513 speed=53.968679134791564 run_id='b17c165f'
time=2025-11-09 21:51:35,127 level=DEBUG run_id=b17c165f module=car_sim.engine msg="step" car='Subaru WRX STI' completion=0.914686702371702 speed=49.99125596993377 run_id='b17c165f'
time=2025-11-09 21:51:35,137 level=DEBUG run_id=b17c165f module=car_sim.engine msg="step" car='Honda Civic Type R' completion=0.9799900736424527 speed=53.97049221066803 run_id='b17c165f'
time=2025-11-09 21:51:35,137 level=DEBUG run_id=b17c165f module=car_sim.engine msg="step" car='Subaru WRX STI' completion=0.9233059862068015 speed=49.991846243576944 run_id='b17c165f'
time=2025-11-09 21:51:35,147 level=DEBUG run_id=b17c165f module=car_sim.engine msg="step" car='Honda Civic Type R' completion=0.9892956254190134 speed=53.97220030405122 run_id='b17c165f'
time=2025-11-09 21:51:35,147 level=DEBUG run_id=b17c165f module=car_sim.engine msg="step" car='Subaru WRX STI' completion=0.9319253649424939 speed=49.99239666701568 run_id='b17c165f'
time=2025-11-09 21:51:35,157 level=DEBUG run_id=b17c165f module=car_sim.engine msg="step" car='Honda Civic Type R' completion=0.9986014546426281 speed=53.97380949696561 run_id='b17c165f'
time=2025-11-09 21:51:35,157 level=DEBUG run_id=b17c165f module=car_sim.engine msg="step" car='Subaru WRX STI' completion=0.9405448321719797 speed=49.992909931017294 run_id='b17c165f'
time=2025-11-09 21:51:35,168 level=DEBUG run_id=b17c165f module=car_sim.engine msg="step" car='Honda Civic Type R' completion=1.0079075452493038 speed=53.97532551871873 run_id='b17c165f'
time=2025-11-09 21:51:35,168 level=DEBUG run_id=b17c165f module=car_sim.engine msg="step" car='Subaru WRX STI' completion=0.94916438192105 speed=49.99338854460766 run_id='b17c165f'
time=2025-11-09 21:51:35,178 level=DEBUG run_id=b17c165f module=car_sim.engine msg="step" car='Honda Civic Type R' completion=1.0172138821055792 speed=53.97675376639724 run_id='b17c165f'
time=2025-11-09 21:51:35,178 level=DEBUG run_id=b17c165f module=car_sim.engine msg="step" car='Subaru WRX STI' completion=0.9577840086188696 speed=49.99383484735375 run_id='b17c165f'
time=2025-11-09 21:51:35,188 level=DEBUG run_id=b17c165f module=car_sim.engine msg="step" car='Honda Civic Type R' completion=1.0265204509545736 speed=53.9780993241673 run_id='b17c165f'
time=2025-11-09 21:51:35,188 level=DEBUG run_id=b17c165f module=car_sim.engine msg="step" car='Subaru WRX STI' completion=0.9664037070707342 speed=49.994251020815106 run_id='b17c165f'
time=2025-11-09 21:51:35,199 level=DEBUG run_id=b17c165f module=car_sim.engine msg="step" car='Honda Civic Type R' completion=1.0358272383651683 speed=53.979366981449765 run_id='b17c165f'
time=2025-11-09 21:51:35,199 level=DEBUG run_id=b17c165f module=car_sim.engine msg="step" car='Subaru WRX STI' completion=0.9750234724326688 speed=49.994639099220635 run_id='b17c165f'
time=2025-11-09 21:51:35,209 level=DEBUG run_id=b17c165f module=car_sim.engine msg="step" car='Honda Civic Type R' completion=1.04513423168414 speed=53.98056125003592 run_id='b17c165f'
time=2025-11-09 21:51:35,209 level=DEBUG run_id=b17c165f module=car_sim.engine msg="step" car='Subaru WRX STI' completion=0.9836433001877417 speed=49.99500097942328 run_id='b17c165f'
time=2025-11-09 21:51:35,219 level=DEBUG run_id=b17c165f module=car_sim.engine msg="step" car='Honda Civic Type R' completion=1.0544414189910722 speed=53.981686380206284 run_id='b17c165f'
time=2025-11-09 21:51:35,219 level=DEBUG run_id=b17c165f module=car_sim.engine msg="step" car='Subaru WRX STI' completion=0.9922631861239799 speed=49.99533843018144 run_id='b17c165f'
time=2025-11-09 21:51:35,230 level=DEBUG run_id=b17c165f module=car_sim.engine msg="step" car='Honda Civic Type R' completion=1.0637487890558843 speed=53.98274637591063 run_id='b17c165f'
time=2025-11-09 21:51:35,230 level=DEBUG run_id=b17c165f module=car_sim.engine msg="step" car='Subaru WRX STI' completion=1.0008831263137752 speed=49.99565310081278 run_id='b17c165f'
time=2025-11-09 21:51:35,240 level=DEBUG run_id=b17c165f module=car_sim.engine msg="step" car='Honda Civic Type R' completion=1.0730563312988264 speed=53.98374500906433 run_id='b17c165f'
time=2025-11-09 21:51:35,240 level=DEBUG run_id=b17c165f module=car_sim.engine msg="step" car='Subaru WRX STI' completion=1.0095031170946827 speed=49.99594652926296 run_id='b17c165f'
time=2025-11-09 21:51:35,251 level=DEBUG run_id=b17c165f module=car_sim.engine msg="step" car='Honda Civic Type R' completion=1.0823640357527942 speed=53.984685833012776 run_id='b17c165f'
time=2025-11-09 21:51:35,251 level=DEBUG run_id=b17c165f module=car_sim.engine msg="step" car='Subaru WRX STI' completion=1.0181231550515153 speed=49.99622014962883 run_id='b17c165f'
time=2025-11-09 21:51:35,261 level=DEBUG run_id=b17c165f module=car_sim.engine msg="step" car='Honda Civic Type R' completion=1.0916718930278309 speed=53.98557219521249 run_id='b17c165f'
time=2025-11-09 21:51:35,261 level=DEBUG run_id=b17c165f module=car_sim.engine msg="step" car='Subaru WRX STI' completion=1.0267432369996485 speed=49.996475299173156 run_id='b17c165f'
time=2025-11-09 21:51:35,272 level=DEBUG run_id=b17c165f module=car_sim.engine msg="step" car='Honda Civic Type R' completion=1.1009798942776885 speed=53.98640724917469 run_id='b17c165f'
time=2025-11-09 21:51:35,272 level=DEBUG run_id=b17c165f module=car_sim.engine msg="step" car='Subaru WRX STI' completion=1.035363359969453 speed=49.99671322486514 run_id='b17c165f'
time=2025-11-09 21:51:35,282 level=DEBUG run_id=b17c165f module=car_sim.engine msg="step" car='Honda Civic Type R' completion=1.1102880311683287 speed=53.9871939657145 run_id='b17c165f'
time=2025-11-09 21:51:35,282 level=DEBUG run_id=b17c165f module=car_sim.engine msg="step" car='Subaru WRX STI' completion=1.0439835211917767 speed=49.99693508947893 run_id='b17c165f'
time=2025-11-09 21:51:35,293 level=DEBUG run_id=b17c165f module=car_sim.engine msg="step" car='Honda Civic Type R' completion=1.1195962958482506 speed=53.987935143546295 run_id='b17c165f'
time=2025-11-09 21:51:35,293 level=DEBUG run_id=b17c165f module=car_sim.engine msg="step" car='Subaru WRX STI' completion=1.0526037180844112 speed=49.99714197728003 run_id='b17c165f'
time=2025-11-09 21:51:35,303 level=DEBUG run_id=b17c165f module=car_sim.engine msg="step" car='Honda Civic Type R' completion=1.1289046809205374 speed=53.98863341926326 run_id='b17c165f'
time=2025-11-09 21:51:35,303 level=DEBUG run_id=b17c165f module=car_sim.engine msg="step" car='Subaru WRX STI' completion=1.0612239482394676 speed=49.997334899327385 run_id='b17c165f'
time=2025-11-09 21:51:35,314 level=DEBUG run_id=b17c165f module=car_sim.engine msg="step" car='Honda Civic Type R' completion=1.1382131794165267 speed=53.98929127673728 run_id='b17c165f'
time=2025-11-09 21:51:35,314 level=DEBUG run_id=b17c165f module=car_sim.engine msg="step" car='Subaru WRX STI' completion=1.0698442094116085 speed=49.99751479841728 run_id='b17c165f'
time=2025-11-09 21:51:35,324 level=DEBUG run_id=b17c165f module=car_sim.engine msg="step" car='Honda Civic Type R' completion=1.1475217847710046 speed=53.989911055972804 run_id='b17c165f'
time=2025-11-09 21:51:35,324 level=DEBUG run_id=b17c165f module=car_sim.engine msg="step" car='Subaru WRX STI' completion=1.078464499507073 speed=49.99768255369317 run_id='b17c165f'
time=2025-11-09 21:51:35,335 level=DEBUG run_id=b17c165f module=car_sim.engine msg="step" car='Honda Civic Type R' completion=1.1568304907988403 speed=53.9904949614465 run_id='b17c165f'
time=2025-11-09 21:51:35,335 level=DEBUG run_id=b17c165f module=car_sim.engine msg="step" car='Subaru WRX STI' completion=1.0870848165734426 speed=49.99783898494409 run_id='b17c165f'
time=2025-11-09 21:51:35,345 level=DEBUG run_id=b17c165f module=car_sim.engine msg="step" car='Honda Civic Type R' completion=1.1661392916729718 speed=53.991045069962816 run_id='b17c165f'
time=2025-11-09 21:51:35,345 level=DEBUG run_id=b17c165f module=car_sim.engine msg="step" car='Subaru WRX STI' completion=1.0957051587900999 speed=49.997984856612675 run_id='b17c165f'
time=2025-11-09 21:51:35,355 level=DEBUG run_id=b17c165f module=car_sim.engine msg="step" car='Honda Civic Type R' completion=1.1754481819036706 speed=53.99156333805344 run_id='b17c165f'
time=2025-11-09 21:51:35,355 level=DEBUG run_id=b17c165f module=car_sim.engine msg="step" car='Subaru WRX STI' completion=1.1043255244593295 speed=49.998120881532415 run_id='b17c165f'
time=2025-11-09 21:51:35,366 level=DEBUG run_id=b17c165f module=car_sim.engine msg="step" car='Honda Civic Type R' completion=1.1847571563190062 speed=53.99205160894735 run_id='b17c165f'
time=2025-11-09 21:51:35,366 level=DEBUG run_id=b17c165f module=car_sim.engine msg="step" car='Subaru WRX STI' completion=1.1129459119980214 speed=49.99824772441251 run_id='b17c165f'
time=2025-11-09 21:51:35,376 level=DEBUG run_id=b17c165f module=car_sim.engine msg="step" car='Honda Civic Type R' completion=1.1940662100464436 speed=53.99251161913642 run_id='b17c165f'
time=2025-11-09 21:51:35,376 level=DEBUG run_id=b17c165f module=car_sim.engine msg="step" car='Subaru WRX STI' completion=1.121566319929933 speed=49.99836600508727 run_id='b17c165f'
time=2025-11-09 21:51:35,387 level=DEBUG run_id=b17c165f module=car_sim.engine msg="step" car='Honda Civic Type R' completion=1.2033753384955057 speed=53.992945004560056 run_id='b17c165f'
time=2025-11-09 21:51:35,387 level=DEBUG run_id=b17c165f module=car_sim.engine msg="step" car='Subaru WRX STI' completion=1.1301867468784754 speed=49.99847630154612 run_id='b17c165f'
time=2025-11-09 21:51:35,397 level=DEBUG run_id=b17c165f module=car_sim.engine msg="step" car='Honda Civic Type R' completion=1.212684537341442 speed=53.993353306431054 run_id='b17c165f'
time=2025-11-09 21:51:35,397 level=DEBUG run_id=b17c165f module=car_sim.engine msg="step" car='Subaru WRX STI' completion=1.1388071915599856 speed=49.9985791527589 run_id='b17c165f'
time=2025-11-09 21:51:35,407 level=DEBUG run_id=b17c165f module=car_sim.engine msg="step" car='Honda Civic Type R' completion=1.2219938025098427 speed=53.993737976723565 run_id='b17c165f'
time=2025-11-09 21:51:35,407 level=DEBUG run_id=b17c165f module=car_sim.engine msg="step" car='Subaru WRX STI' completion=1.147427652777453 speed=49.99867506131039 run_id='b17c165f'
time=2025-11-09 21:51:35,417 level=DEBUG run_id=b17c165f module=car_sim.engine msg="step" car='Honda Civic Type R' completion=1.231303130162143 speed=53.99410038334279 run_id='b17c165f'
time=2025-11-09 21:51:35,417 level=DEBUG run_id=b17c165f module=car_sim.engine msg="step" car='Subaru WRX STI' completion=1.1560481294146696 speed=49.99876449585689 run_id='b17c165f'
time=2025-11-09 21:51:35,428 level=DEBUG run_id=b17c165f module=car_sim.engine msg="step" car='Honda Civic Type R' completion=1.24061251668197 speed=53.99444181499486 run_id='b17c165f'
time=2025-11-09 21:51:35,428 level=DEBUG run_id=b17c165f module=car_sim.engine msg="step" car='Subaru WRX STI' completion=1.164668620430776 speed=49.99884789341693 run_id='b17c165f'
time=2025-11-09 21:51:35,438 level=DEBUG run_id=b17c165f module=car_sim.engine msg="step" car='Honda Civic Type R' completion=1.2499219586622758 speed=53.99476348577438 run_id='b17c165f'
time=2025-11-09 21:51:35,438 level=DEBUG run_id=b17c165f module=car_sim.engine msg="step" car='Subaru WRX STI' completion=1.1732891248551738 speed=49.99892566150726 run_id='b17c165f'
time=2025-11-09 21:51:35,449 level=DEBUG run_id=b17c165f module=car_sim.engine msg="step" car='Honda Civic Type R' completion=1.2592314528932218 speed=53.995066539486004 run_id='b17c165f'
time=2025-11-09 21:51:35,449 level=DEBUG run_id=b17c165f module=car_sim.engine msg="step" car='Subaru WRX STI' completion=1.181909641782783 speed=49.99899818013461 run_id='b17c165f'
time=2025-11-09 21:51:35,459 level=DEBUG run_id=b17c165f module=car_sim.engine msg="step" car='Honda Civic Type R' completion=1.268540996350759 speed=53.9953520537155 run_id='b17c165f'
time=2025-11-09 21:51:35,459 level=DEBUG run_id=b17c165f module=car_sim.engine msg="step" car='Subaru WRX STI' completion=1.1905301703696198 speed=49.999065803653 run_id='b17c165f'
time=2025-11-09 21:51:35,470 level=DEBUG run_id=b17c165f module=car_sim.engine msg="step" car='Honda Civic Type R' completion=1.2778505861858735 speed=53.99562104366484 run_id='b17c165f'
time=2025-11-09 21:51:35,470 level=DEBUG run_id=b17c165f module=car_sim.engine msg="step" car='Subaru WRX STI' completion=1.1991507098286707 speed=49.99912886249551 run_id='b17c165f'
time=2025-11-09 21:51:35,480 level=DEBUG run_id=b17c165f module=car_sim.engine msg="step" car='Honda Civic Type R' completion=1.2871602197144538 speed=53.99587446576501 run_id='b17c165f'
time=2025-11-09 21:51:35,480 level=DEBUG run_id=b17c165f module=car_sim.engine msg="step" car='Subaru WRX STI' completion=1.2077712594260481 speed=49.99918766478931 run_id='b17c165f'
time=2025-11-09 21:51:35,490 level=DEBUG run_id=b17c165f module=car_sim.engine msg="step" car='Honda Civic Type R' completion=1.2964698944077433 speed=53.996113221079476 run_id='b17c165f'
time=2025-11-09 21:51:35,490 level=DEBUG run_id=b17c165f module=car_sim.engine msg="step" car='Subaru WRX STI' completion=1.2163918184774036 speed=49.99924249786146 run_id='b17c165f'
time=2025-11-09 21:51:35,501 level=DEBUG run_id=b17c165f module=car_sim.engine msg="step" car='Honda Civic Type R' completion=1.3057796078833486 speed=53.99633815851036 run_id='b17c165f'
time=2025-11-09 21:51:35,501 level=DEBUG run_id=b17c165f module=car_sim.engine msg="step" car='Subaru WRX STI' completion=1.2250123863445834 speed=49.999293629643134 run_id='b17c165f'
time=2025-11-09 21:51:35,511 level=DEBUG run_id=b17c165f module=car_sim.engine msg="step" car='Honda Civic Type R' completion=1.3150893578967657 speed=53.99655007781893 run_id='b17c165f'
time=2025-11-09 21:51:35,511 level=DEBUG run_id=b17c165f module=car_sim.engine msg="step" car='Subaru WRX STI' completion=1.2336329624325109 speed=49.99934130997902 run_id='b17c165f'
time=2025-11-09 21:51:35,522 level=DEBUG run_id=b17c165f module=car_sim.engine msg="step" car='Honda Civic Type R' completion=1.3243991423333985 speed=53.99674973247101 run_id='b17c165f'
time=2025-11-09 21:51:35,522 level=DEBUG run_id=b17c165f module=car_sim.engine msg="step" car='Subaru WRX STI' completion=1.2422535461862778 speed=49.9993857718483 run_id='b17c165f'
time=2025-11-09 21:51:35,533 level=DEBUG run_id=b17c165f module=car_sim.engine msg="step" car='Honda Civic Type R' completion=1.3337089592010394 speed=53.99693783231759 run_id='b17c165f'
time=2025-11-09 21:51:35,533 level=DEBUG run_id=b17c165f module=car_sim.engine msg="step" car='Subaru WRX STI' completion=1.2508741370884335 speed=49.99942723250321 run_id='b17c165f'
time=2025-11-09 21:51:35,543 level=DEBUG run_id=b17c165f module=car_sim.engine msg="step" car='Honda Civic Type R' completion=1.3430188066227842 speed=53.99711504612012 run_id='b17c165f'
time=2025-11-09 21:51:35,543 level=DEBUG run_id=b17c165f module=car_sim.engine msg="step" car='Subaru WRX STI' completion=1.259494734656456 speed=49.99946589453069 run_id='b17c165f'
time=2025-11-09 21:51:35,554 level=DEBUG run_id=b17c165f module=car_sim.engine msg="step" car='Honda Civic Type R' completion=1.3523286828303582 speed=53.99728200392952 run_id='b17c165f'
time=2025-11-09 21:51:35,554 level=DEBUG run_id=b17c165f module=car_sim.engine msg="step" car='Subaru WRX STI' completion=1.2681153384403945 speed=49.99950194684242 run_id='b17c165f'
time=2025-11-09 21:51:35,564 level=DEBUG run_id=b17c165f module=car_sim.engine msg="step" car='Honda Civic Type R' completion=1.3616385861578284 speed=53.997439299327375 run_id='b17c165f'
time=2025-11-09 21:51:35,564 level=DEBUG run_id=b17c165f module=car_sim.engine msg="step" car='Subaru WRX STI' completion=1.27673594802067 speed=49.999535565597995 run_id='b17c165f'
time=2025-11-09 21:51:35,575 level=DEBUG run_id=b17c165f module=car_sim.engine msg="step" car='Honda Civic Type R' completion=1.3709485150356797 speed=53.997587491537374 run_id='b17c165f'
time=2025-11-09 21:51:35,575 level=DEBUG run_id=b17c165f module=car_sim.engine msg="step" car='Subaru WRX STI' completion=1.2853565630060262 speed=49.99956691506573 run_id='b17c165f'
time=2025-11-09 21:51:35,585 level=DEBUG run_id=b17c165f module=car_sim.engine msg="step" car='Honda Civic Type R' completion=1.3802584679852339 speed=53.99772710741437 run_id='b17c165f'
time=2025-11-09 21:51:35,585 level=DEBUG run_id=b17c165f module=car_sim.engine msg="step" car='Subaru WRX STI' completion=1.2939771830316167 speed=49.9995961484254 run_id='b17c165f'
time=2025-11-09 21:51:35,596 level=DEBUG run_id=b17c165f module=car_sim.engine msg="step" car='Honda Civic Type R' completion=1.3895684436133922 speed=53.997858643318324 run_id='b17c165f'
time=2025-11-09 21:51:35,596 level=DEBUG run_id=b17c165f module=car_sim.engine msg="step" car='Subaru WRX STI' completion=1.3025978077572231 speed=49.999623408516776 run_id='b17c165f'
time=2025-11-09 21:51:35,606 level=DEBUG run_id=b17c165f module=car_sim.engine msg="step" car='Honda Civic Type R' completion=1.3988784406076817 speed=53.997982566879664 run_id='b17c165f'
time=2025-11-09 21:51:35,606 level=DEBUG run_id=b17c165f module=car_sim.engine msg="step" car='Subaru WRX STI' completion=1.3112184368655917 speed=49.99964882853762 run_id='b17c165f'
time=2025-11-09 21:51:35,617 level=DEBUG run_id=b17c165f module=car_sim.engine msg="step" car='Honda Civic Type R' completion=1.408188457731589 speed=53.998099318662454 run_id='b17c165f'
time=2025-11-09 21:51:35,617 level=DEBUG run_id=b17c165f module=car_sim.engine msg="step" car='Subaru WRX STI' completion=1.3198390700608837 speed=49.999672532694575 run_id='b17c165f'
time=2025-11-09 21:51:35,627 level=DEBUG run_id=b17c165f module=car_sim.engine msg="step" car='Honda Civic Type R' completion=1.4174984938201636 speed=53.99820931373121 run_id='b17c165f'
time=2025-11-09 21:51:35,627 level=DEBUG run_id=b17c165f module=car_sim.engine msg="step" car='Subaru WRX STI' completion=1.3284597070672304 speed=49.99969463681008 run_id='b17c165f'
time=2025-11-09 21:51:35,637 level=DEBUG run_id=b17c165f module=car_sim.engine msg="step" car='Honda Civic Type R' completion=1.4268085477758752 speed=53.99831294312702 run_id='b17c165f'
time=2025-11-09 21:51:35,637 level=DEBUG run_id=b17c165f module=car_sim.engine msg="step" car='Subaru WRX STI' completion=1.3370803476273836 speed=49.999715248888336 run_id='b17c165f'
time=2025-11-09 21:51:35,647 level=DEBUG run_id=b17c165f module=car_sim.engine msg="step" car='Honda Civic Type R' completion=1.4361186185647126 speed=53.9984105752582 run_id='b17c165f'
time=2025-11-09 21:51:35,647 level=DEBUG run_id=b17c165f module=car_sim.engine msg="step" car='Subaru WRX STI' completion=1.34570099150146 speed=49.99973446964311 run_id='b17c165f'
time=2025-11-09 21:51:35,658 level=DEBUG run_id=b17c165f module=car_sim.engine msg="step" car='Honda Civic Type R' completion=1.4454287052125074 speed=53.99850255721037 run_id='b17c165f'
time=2025-11-09 21:51:35,658 level=DEBUG run_id=b17c165f module=car_sim.engine msg="step" car='Subaru WRX STI' completion=1.3543216384657686 speed=49.99975239298979 run_id='b17c165f'
time=2025-11-09 21:51:35,669 level=DEBUG run_id=b17c165f module=car_sim.engine msg="step" car='Honda Civic Type R' completion=1.4547388068014695 speed=53.99858921598076 run_id='b17c165f'
time=2025-11-09 21:51:35,669 level=DEBUG run_id=b17c165f module=car_sim.engine msg="step" car='Subaru WRX STI' completion=1.3629422883117177 speed=49.99976910650436 run_id='b17c165f'
time=2025-11-09 21:51:35,679 level=DEBUG run_id=b17c165f module=car_sim.engine msg="step" car='Honda Civic Type R' completion=1.4640489224669246 speed=53.99867085964096 run_id='b17c165f'
time=2025-11-09 21:51:35,679 level=DEBUG run_id=b17c165f module=car_sim.engine msg="step" car='Subaru WRX STI' completion=1.3715629408447954 speed=49.9997846918513 run_id='b17c165f'
time=2025-11-09 21:51:35,689 level=DEBUG run_id=b17c165f module=car_sim.engine msg="step" car='Honda Civic Type R' completion=1.4733590513942407 speed=53.99874777843244 run_id='b17c165f'
time=2025-11-09 21:51:35,689 level=DEBUG run_id=b17c165f module=car_sim.engine msg="step" car='Subaru WRX STI' completion=1.3801835958836202 speed=49.999799225182635 run_id='b17c165f'
time=2025-11-09 21:51:35,700 level=DEBUG run_id=b17c165f module=car_sim.engine msg="step" car='Honda Civic Type R' completion=1.4826691928159301 speed=53.99882024579857 run_id='b17c165f'
time=2025-11-09 21:51:35,700 level=DEBUG run_id=b17c165f module=car_sim.engine msg="step" car='Subaru WRX STI' completion=1.3888042532590528 speed=49.999812777510016 run_id='b17c165f'
time=2025-11-09 21:51:35,710 level=DEBUG run_id=b17c165f module=car_sim.engine msg="step" car='Honda Civic Type R' completion=1.4919793460089226 speed=53.998888519356946 run_id='b17c165f'
time=2025-11-09 21:51:35,710 level=DEBUG run_id=b17c165f module=car_sim.engine msg="step" car='Subaru WRX STI' completion=1.397424912813372 speed=49.99982541505175 run_id='b17c165f'
time=2025-11-09 21:51:35,721 level=DEBUG run_id=b17c165f module=car_sim.engine msg="step" car='Honda Civic Type R' completion=1.5012895102919943 speed=53.998952841815395 run_id='b17c165f'
time=2025-11-09 21:51:35,721 level=DEBUG run_id=b17c165f module=car_sim.engine msg="step" car='Subaru WRX STI' completion=1.4060455743995024 speed=49.99983719955633 run_id='b17c165f'
time=2025-11-09 21:51:35,731 level=DEBUG run_id=b17c165f module=car_sim.engine msg="step" car='Honda Civic Type R' completion=1.5105996850233452 speed=53.99901344183495 run_id='b17c165f'
time=2025-11-09 21:51:35,731 level=DEBUG run_id=b17c165f module=car_sim.engine msg="step" car='Subaru WRX STI' completion=1.414666237880296 speed=49.99984818860417 run_id='b17c165f'
time=2025-11-09 21:51:35,742 level=DEBUG run_id=b17c165f module=car_sim.engine msg="step" car='Honda Civic Type R' completion=1.519909869598318 speed=53.999070534842886 run_id='b17c165f'
time=2025-11-09 21:51:35,742 level=DEBUG run_id=b17c165f module=car_sim.engine msg="step" car='Subaru WRX STI' completion=1.4232869031278632 speed=49.999858435888946 run_id='b17c165f'
time=2025-11-09 21:51:35,752 level=DEBUG run_id=b17c165f module=car_sim.engine msg="step" car='Honda Civic Type R' completion=1.5292200634472486 speed=53.99912432379869 run_id='b17c165f'
time=2025-11-09 21:51:35,752 level=DEBUG run_id=b17c165f module=car_sim.engine msg="step" car='Subaru WRX STI' completion=1.4319075700229462 speed=49.99986799147997 run_id='b17c165f'
time=2025-11-09 21:51:35,763 level=DEBUG run_id=b17c165f module=car_sim.engine msg="step" car='Honda Civic Type R' completion=1.538530266033441 speed=53.999174999915674 run_id='b17c165f'
time=2025-11-09 21:51:35,763 level=DEBUG run_id=b17c165f module=car_sim.engine msg="step" car='Subaru WRX STI' completion=1.4405282384543372 speed=49.99987690206683 run_id='b17c165f'
time=2025-11-09 21:51:35,773 level=DEBUG run_id=b17c165f module=car_sim.engine msg="step" car='Honda Civic Type R' completion=1.5478404768512584 speed=53.999222743340816 run_id='b17c165f'
time=2025-11-09 21:51:35,773 level=DEBUG run_id=b17c165f module=car_sim.engine msg="step" car='Subaru WRX STI' completion=1.4491489083183349 speed=49.99988521118755 run_id='b17c165f'
time=2025-11-09 21:51:35,784 level=DEBUG run_id=b17c165f module=car_sim.engine msg="step" car='Honda Civic Type R' completion=1.5571506954243266 speed=53.99926772379527 run_id='b17c165f'
time=2025-11-09 21:51:35,784 level=DEBUG run_id=b17c165f module=car_sim.engine msg="step" car='Subaru WRX STI' completion=1.4577695795182388 speed=49.99989295944128 run_id='b17c165f'
time=2025-11-09 21:51:35,794 level=DEBUG run_id=b17c165f module=car_sim.engine msg="step" car='Honda Civic Type R' completion=1.5664609213038398 speed=53.999310101177784 run_id='b17c165f'
time=2025-11-09 21:51:35,794 level=DEBUG run_id=b17c165f module=car_sim.engine msg="step" car='Subaru WRX STI' completion=1.4663902519638743 speed=49.99990018468673 run_id='b17c165f'
time=2025-11-09 21:51:35,804 level=DEBUG run_id=b17c165f module=car_sim.engine msg="step" car='Honda Civic Type R' completion=1.5757711540669663 speed=53.999350026133186 run_id='b17c165f'
time=2025-11-09 21:51:35,804 level=DEBUG run_id=b17c165f module=car_sim.engine msg="step" car='Subaru WRX STI' completion=1.4750109255711548 speed=49.9999069222271 run_id='b17c165f'
time=2025-11-09 21:51:35,815 level=DEBUG run_id=b17c165f module=car_sim.engine msg="step" car='Honda Civic Type R' completion=1.5850813933153436 speed=53.99938764058796 run_id='b17c165f'
time=2025-11-09 21:51:35,815 level=DEBUG run_id=b17c165f module=car_sim.engine msg="step" car='Subaru WRX STI' completion=1.4836316002616692 speed=49.99991320498262 run_id='b17c165f'
time=2025-11-09 21:51:35,825 level=DEBUG run_id=b17c165f module=car_sim.engine msg="step" car='Honda Civic Type R' completion=1.5943916386736632 speed=53.999423078254864 run_id='b17c165f'
time=2025-11-09 21:51:35,825 level=DEBUG run_id=b17c165f module=car_sim.engine msg="step" car='Subaru WRX STI' completion=1.492252275962299 speed=49.999919063651376 run_id='b17c165f'
time=2025-11-09 21:51:35,836 level=DEBUG run_id=b17c165f module=car_sim.engine msg="step" car='Honda Civic Type R' completion=1.603701889788337 speed=53.99945646510828 run_id='b17c165f'
time=2025-11-09 21:51:35,836 level=DEBUG run_id=b17c165f module=car_sim.engine msg="step" car='Subaru WRX STI' completion=1.5008729526048608 speed=49.99992452685933 run_id='b17c165f'
time=2025-11-09 21:51:35,847 level=DEBUG run_id=b17c165f module=car_sim.engine msg="step" car='Honda Civic Type R' completion=1.6130121463262392 speed=53.99948791983208 run_id='b17c165f'
time=2025-11-09 21:51:35,847 level=DEBUG run_id=b17c165f module=car_sim.engine msg="step" car='Subaru WRX STI' completion=1.5094936301257746 speed=49.99992962130017 run_id='b17c165f'
time=2025-11-09 21:51:35,857 level=DEBUG run_id=b17c165f module=car_sim.engine msg="step" car='Honda Civic Type R' completion=1.6223224079735221 speed=53.999517554241564 run_id='b17c165f'
time=2025-11-09 21:51:35,857 level=DEBUG run_id=b17c165f module=car_sim.engine msg="step" car='Subaru WRX STI' completion=1.5181143084657516 speed=49.99993437186575 run_id='b17c165f'
time=2025-11-09 21:51:35,867 level=DEBUG run_id=b17c165f module=car_sim.engine msg="step" car='Honda Civic Type R' completion=1.6316326744345018 speed=53.999545473681 run_id='b17c165f'
time=2025-11-09 21:51:35,867 level=DEBUG run_id=b17c165f module=car_sim.engine msg="step" car='Subaru WRX STI' completion=1.5267349875695047 speed=49.99993880176772 run_id='b17c165f'
time=2025-11-09 21:51:35,878 level=DEBUG run_id=b17c165f module=car_sim.engine msg="step" car='Honda Civic Type R' completion=1.6409429454306048 speed=53.99957177739813 run_id='b17c165f'
time=2025-11-09 21:51:35,878 level=DEBUG run_id=b17c165f module=car_sim.engine msg="step" car='Subaru WRX STI' completion=1.535355667385479 speed=49.999942932650924 run_id='b17c165f'
time=2025-11-09 21:51:35,888 level=DEBUG run_id=b17c165f module=car_sim.engine msg="step" car='Honda Civic Type R' completion=1.65025322069938 speed=53.99959655889696 run_id='b17c165f'
time=2025-11-09 21:51:35,888 level=DEBUG run_id=b17c165f module=car_sim.engine msg="step" car='Subaru WRX STI' completion=1.5439763478655995 speed=49.99994678469918 run_id='b17c165f'
time=2025-11-09 21:51:35,899 level=DEBUG run_id=b17c165f module=car_sim.engine msg="step" car='Honda Civic Type R' completion=1.6595634999935647 speed=53.99961990627023 run_id='b17c165f'
time=2025-11-09 21:51:35,899 level=DEBUG run_id=b17c165f module=car_sim.engine msg="step" car='Subaru WRX STI' completion=1.5525970289650364 speed=49.9999503767339 run_id='b17c165f'
time=2025-11-09 21:51:35,909 level=DEBUG run_id=b17c165f module=car_sim.engine msg="step" car='Honda Civic Type R' completion=1.6688737830802045 speed=53.999641902512565 run_id='b17c165f'
time=2025-11-09 21:51:35,909 level=DEBUG run_id=b17c165f module=car_sim.engine msg="step" car='Subaru WRX STI' completion=1.5612177106419858 speed=49.999953726306025 run_id='b17c165f'
time=2025-11-09 21:51:35,919 level=DEBUG run_id=b17c165f module=car_sim.engine msg="step" car='Honda Civic Type R' completion=1.678184069739828 speed=53.9996626258155 run_id='b17c165f'
time=2025-11-09 21:51:35,919 level=DEBUG run_id=b17c165f module=car_sim.engine msg="step" car='Subaru WRX STI' completion=1.5698383928574655 speed=49.99995684978181 run_id='b17c165f'
time=2025-11-09 21:51:35,929 level=DEBUG run_id=b17c165f module=car_sim.engine msg="step" car='Honda Civic Type R' completion=1.6874943597656635 speed=53.999682149845505 run_id='b17c165f'
time=2025-11-09 21:51:35,929 level=DEBUG run_id=b17c165f module=car_sim.engine msg="step" car='Subaru WRX STI' completion=1.5784590755751247 speed=49.9999597624228 run_id='b17c165f'
time=2025-11-09 21:51:35,940 level=DEBUG run_id=b17c165f module=car_sim.engine msg="step" car='Honda Civic Type R' completion=1.696804652962906 speed=53.999700544005805 run_id='b17c165f'
time=2025-11-09 21:51:35,940 level=DEBUG run_id=b17c165f module=car_sim.engine msg="step" car='Subaru WRX STI' completion=1.5870797587610659 speed=49.999962478460354 run_id='b17c165f'
time=2025-11-09 21:51:35,950 level=DEBUG run_id=b17c165f module=car_sim.engine msg="step" car='Honda Civic Type R' completion=1.7061149491480236 speed=53.999717873683146 run_id='b17c165f'
time=2025-11-09 21:51:35,950 level=DEBUG run_id=b17c165f module=car_sim.engine msg="step" car='Subaru WRX STI' completion=1.5957004423836807 speed=49.99996501116523 run_id='b17c165f'
time=2025-11-09 21:51:35,960 level=DEBUG run_id=b17c165f module=car_sim.engine msg="step" car='Honda Civic Type R' completion=1.7154252481481067 speed=53.99973420048024 run_id='b17c165f'
time=2025-11-09 21:51:35,960 level=DEBUG run_id=b17c165f module=car_sim.engine msg="step" car='Subaru WRX STI' completion=1.6043211264134933 speed=49.9999673729124 run_id='b17c165f'
time=2025-11-09 21:51:35,971 level=DEBUG run_id=b17c165f module=car_sim.engine msg="step" car='Honda Civic Type R' completion=1.7247355498002506 speed=53.99974958243475 run_id='b17c165f'
time=2025-11-09 21:51:35,971 level=DEBUG run_id=b17c165f module=car_sim.engine msg="step" car='Subaru WRX STI' completion=1.6129418108230176 speed=49.999969575241536 run_id='b17c165f'
time=2025-11-09 21:51:35,982 level=DEBUG run_id=b17c165f module=car_sim.engine msg="step" car='Honda Civic Type R' completion=1.7340458539509793 speed=53.9997640742256 run_id='b17c165f'
time=2025-11-09 21:51:35,982 level=DEBUG run_id=b17c165f module=car_sim.engine msg="step" car='Subaru WRX STI' completion=1.6215624955866232 speed=49.99997162891336 run_id='b17c165f'
time=2025-11-09 21:51:35,992 level=DEBUG run_id=b17c165f module=car_sim.engine msg="step" car='Honda Civic Type R' completion=1.7433561604556977 speed=53.99977772736737 run_id='b17c165f'
time=2025-11-09 21:51:35,992 level=DEBUG run_id=b17c165f module=car_sim.engine msg="step" car='Subaru WRX STI' completion=1.6301831806804097 speed=49.99997354396225 run_id='b17c165f'
time=2025-11-09 21:51:36,003 level=DEBUG run_id=b17c165f module=car_sim.engine msg="step" car='Honda Civic Type R' completion=1.7526664691781793 speed=53.999790590393424 run_id='b17c165f'
time=2025-11-09 21:51:36,003 level=DEBUG run_id=b17c165f module=car_sim.engine msg="step" car='Subaru WRX STI' completion=1.63880386608209 speed=49.99997532974527 run_id='b17c165f'
time=2025-11-09 21:51:36,013 level=DEBUG run_id=b17c165f module=car_sim.engine msg="step" car='Honda Civic Type R' completion=1.7619767799900807 speed=53.999802709028415 run_id='b17c165f'
time=2025-11-09 21:51:36,013 level=DEBUG run_id=b17c165f module=car_sim.engine msg="step" car='Subaru WRX STI' completion=1.647424551770881 speed=49.999976994987875 run_id='b17c165f'
time=2025-11-09 21:51:36,024 level=DEBUG run_id=b17c165f module=car_sim.engine msg="step" car='Honda Civic Type R' completion=1.771287092770486 speed=53.99981412635087 run_id='b17c165f'
time=2025-11-09 21:51:36,024 level=DEBUG run_id=b17c165f module=car_sim.engine msg="step" car='Subaru WRX STI' completion=1.6560452377274029 speed=49.99997854782655 run_id='b17c165f'
time=2025-11-09 21:51:36,034 level=DEBUG run_id=b17c165f module=car_sim.engine msg="step" car='Honda Civic Type R' completion=1.780597407405477 speed=53.9998248829463 run_id='b17c165f'
time=2025-11-09 21:51:36,034 level=DEBUG run_id=b17c165f module=car_sim.engine msg="step" car='Subaru WRX STI' completion=1.6646659239335835 speed=49.99997999584857 run_id='b17c165f'
time=2025-11-09 21:51:36,045 level=DEBUG run_id=b17c165f module=car_sim.engine msg="step" car='Honda Civic Type R' completion=1.7899077237877272 speed=53.99983501705149 run_id='b17c165f'
time=2025-11-09 21:51:36,045 level=DEBUG run_id=b17c165f module=car_sim.engine msg="step" car='Subaru WRX STI' completion=1.6732866103725714 speed=49.99998134612906 run_id='b17c165f'
time=2025-11-09 21:51:36,055 level=DEBUG run_id=b17c165f module=car_sim.engine msg="step" car='Honda Civic Type R' completion=1.799218041816122 speed=53.999844564690406 run_id='b17c165f'
time=2025-11-09 21:51:36,055 level=DEBUG run_id=b17c165f module=car_sim.engine msg="step" car='Subaru WRX STI' completion=1.6819072970286517 speed=49.999982605265586 run_id='b17c165f'
time=2025-11-09 21:51:36,065 level=DEBUG run_id=b17c165f module=car_sim.engine msg="step" car='Honda Civic Type R' completion=1.8085283613953984 speed=53.99985355980229 run_id='b17c165f'
time=2025-11-09 21:51:36,065 level=DEBUG run_id=b17c165f module=car_sim.engine msg="step" car='Subaru WRX STI' completion=1.690527983887171 speed=49.999983779410364 run_id='b17c165f'
time=2025-11-09 21:51:36,075 level=DEBUG run_id=b17c165f module=car_sim.engine msg="step" car='Honda Civic Type R' completion=1.817838682435806 speed=53.99986203436226 run_id='b17c165f'
time=2025-11-09 21:51:36,075 level=DEBUG run_id=b17c165f module=car_sim.engine msg="step" car='Subaru WRX STI' completion=1.699148670934464 speed=49.999984874300345 run_id='b17c165f'
time=2025-11-09 21:51:36,086 level=DEBUG run_id=b17c165f module=car_sim.engine msg="step" car='Honda Civic Type R' completion=1.8271490048527879 speed=53.99987001849501 run_id='b17c165f'
time=2025-11-09 21:51:36,086 level=DEBUG run_id=b17c165f module=car_sim.engine msg="step" car='Subaru WRX STI' completion=1.707769358157789 speed=49.99998589528523 run_id='b17c165f'
time=2025-11-09 21:51:36,096 level=DEBUG run_id=b17c165f module=car_sim.engine msg="step" car='Honda Civic Type R' completion=1.8364593285666813 speed=53.9998775405819 run_id='b17c165f'
time=2025-11-09 21:51:36,096 level=DEBUG run_id=b17c165f module=car_sim.engine msg="step" car='Subaru WRX STI' completion=1.7163900455452639 speed=49.99998684735361 run_id='b17c165f'
time=2025-11-09 21:51:36,107 level=DEBUG run_id=b17c165f module=car_sim.engine msg="step" car='Honda Civic Type R' completion=1.8457696535024333 speed=53.999884627361816 run_id='b17c165f'
time=2025-11-09 21:51:36,107 level=DEBUG run_id=b17c165f module=car_sim.engine msg="step" car='Subaru WRX STI' completion=1.7250107330858082 speed=49.99998773515736 run_id='b17c165f'
time=2025-11-09 21:51:36,117 level=DEBUG run_id=b17c165f module=car_sim.engine msg="step" car='Honda Civic Type R' completion=1.855079979589334 speed=53.99989130402625 run_id='b17c165f'
time=2025-11-09 21:51:36,117 level=DEBUG run_id=b17c165f module=car_sim.engine msg="step" car='Subaru WRX STI' completion=1.73363142076909 speed=49.99998856303434 run_id='b17c165f'
time=2025-11-09 21:51:36,127 level=DEBUG run_id=b17c165f module=car_sim.engine msg="step" car='Honda Civic Type R' completion=1.8643903067607668 speed=53.99989759430884 run_id='b17c165f'
time=2025-11-09 21:51:36,127 level=DEBUG run_id=b17c165f module=car_sim.engine msg="step" car='Subaru WRX STI' completion=1.7422521085854745 speed=49.99998933502961 run_id='b17c165f'
time=2025-11-09 21:51:36,138 level=DEBUG run_id=b17c165f module=car_sim.engine msg="step" car='Honda Civic Type R' completion=1.8737006349539682 speed=53.99990352056974 run_id='b17c165f'
time=2025-11-09 21:51:36,138 level=DEBUG run_id=b17c165f module=car_sim.engine msg="step" car='Subaru WRX STI' completion=1.7508727965259772 speed=49.99999005491519 run_id='b17c165f'
time=2025-11-09 21:51:36,148 level=DEBUG run_id=b17c165f module=car_sim.engine msg="step" car='Honda Civic Type R' completion=1.883010964109809 speed=53.99990910387509 run_id='b17c165f'
time=2025-11-09 21:51:36,148 level=DEBUG run_id=b17c165f module=car_sim.engine msg="step" car='Subaru WRX STI' completion=1.75949348458222 speed=49.99999072620848 run_id='b17c165f'
time=2025-11-09 21:51:36,158 level=DEBUG run_id=b17c165f module=car_sim.engine msg="step" car='Honda Civic Type R' completion=1.89232129417258 speed=53.999914364071934 run_id='b17c165f'
time=2025-11-09 21:51:36,158 level=DEBUG run_id=b17c165f module=car_sim.engine msg="step" car='Subaru WRX STI' completion=1.7681141727463907 speed=49.99999135218947 run_id='b17c165f'
time=2025-11-09 21:51:36,169 level=DEBUG run_id=b17c165f module=car_sim.engine msg="step" car='Honda Civic Type R' completion=1.9016316250897969 speed=53.99991931985874 run_id='b17c165f'
time=2025-11-09 21:51:36,169 level=DEBUG run_id=b17c165f module=car_sim.engine msg="step" car='Subaru WRX STI' completion=1.7767348610112037 speed=49.99999193591673 run_id='b17c165f'
time=2025-11-09 21:51:36,180 level=DEBUG run_id=b17c165f module=car_sim.engine msg="step" car='Honda Civic Type R' completion=1.9109419568120127 speed=53.99992398885188 run_id='b17c165f'
time=2025-11-09 21:51:36,180 level=DEBUG run_id=b17c165f module=car_sim.engine msg="step" car='Subaru WRX STI' completion=1.7853555493698665 speed=49.9999924802424 run_id='b17c165f'
time=2025-11-09 21:51:36,190 level=DEBUG run_id=b17c165f module=car_sim.engine msg="step" car='Honda Civic Type R' completion=1.9202522892926415 speed=53.999928387648275 run_id='b17c165f'
time=2025-11-09 21:51:36,190 level=DEBUG run_id=b17c165f module=car_sim.engine msg="step" car='Subaru WRX STI' completion=1.7939762378160435 speed=49.999992987826076 run_id='b17c165f'
time=2025-11-09 21:51:36,200 level=DEBUG run_id=b17c165f module=car_sim.engine msg="step" car='Honda Civic Type R' completion=1.929562622487794 speed=53.99993253188434 run_id='b17c165f'
time=2025-11-09 21:51:36,200 level=DEBUG run_id=b17c165f module=car_sim.engine msg="step" car='Subaru WRX STI' completion=1.8025969263438275 speed=49.99999346114785 run_id='b17c165f'
time=2025-11-09 21:51:36,211 level=DEBUG run_id=b17c165f module=car_sim.engine msg="step" car='Honda Civic Type R' completion=1.9388729563561202 speed=53.99993643629162 run_id='b17c165f'
time=2025-11-09 21:51:36,211 level=DEBUG run_id=b17c165f module=car_sim.engine msg="step" car='Subaru WRX STI' completion=1.8112176149477104 speed=49.9999939025204 run_id='b17c165f'
time=2025-11-09 21:51:36,222 level=DEBUG run_id=b17c165f module=car_sim.engine msg="step" car='Honda Civic Type R' completion=1.9481832908586632 speed=53.99994011474913 run_id='b17c165f'
time=2025-11-09 21:51:36,222 level=DEBUG run_id=b17c165f module=car_sim.engine msg="step" car='Subaru WRX STI' completion=1.8198383036225554 speed=49.9999943141003 run_id='b17c165f'
time=2025-11-09 21:51:36,232 level=DEBUG run_id=b17c165f module=car_sim.engine msg="step" car='Honda Civic Type R' completion=1.9574936259587206 speed=53.9999435803327 run_id='b17c165f'
time=2025-11-09 21:51:36,232 level=DEBUG run_id=b17c165f module=car_sim.engine msg="step" car='Subaru WRX STI' completion=1.8284589923635723 speed=49.99999469789855 run_id='b17c165f'
time=2025-11-09 21:51:36,242 level=DEBUG run_id=b17c165f module=car_sim.engine msg="step" car='Honda Civic Type R' completion=1.9668039616217137 speed=53.99994684536145 run_id='b17c165f'
time=2025-11-09 21:51:36,242 level=DEBUG run_id=b17c165f module=car_sim.engine msg="step" car='Subaru WRX STI' completion=1.8370796811662948 speed=49.999995055790414 run_id='b17c165f'
time=2025-11-09 21:51:36,253 level=DEBUG run_id=b17c165f module=car_sim.engine msg="step" car='Honda Civic Type R' completion=1.9761142978150656 speed=53.99994992144158 run_id='b17c165f'
time=2025-11-09 21:51:36,253 level=DEBUG run_id=b17c165f module=car_sim.engine msg="step" car='Subaru WRX STI' completion=1.8457003700265575 speed=49.99999538952458 run_id='b17c165f'
time=2025-11-09 21:51:36,263 level=DEBUG run_id=b17c165f module=car_sim.engine msg="step" car='Honda Civic Type R' completion=1.9854246345080842 speed=53.99995281950765 run_id='b17c165f'
time=2025-11-09 21:51:36,263 level=DEBUG run_id=b17c165f module=car_sim.engine msg="step" car='Subaru WRX STI' completion=1.8543210589404768 speed=49.99999570073168 run_id='b17c165f'
time=2025-11-09 21:51:36,273 level=DEBUG run_id=b17c165f module=car_sim.engine msg="step" car='Honda Civic Type R' completion=1.9947349716718534 speed=53.999955549861404 run_id='b17c165f'
time=2025-11-09 21:51:36,273 level=DEBUG run_id=b17c165f module=car_sim.engine msg="step" car='Subaru WRX STI' completion=1.8629417479044308 speed=49.999995990932305 run_id='b17c165f'
time=2025-11-09 21:51:36,284 level=DEBUG run_id=b17c165f module=car_sim.engine msg="step" car='Honda Civic Type R' completion=2.004045309279131 speed=53.99995812220845 run_id='b17c165f'
time=2025-11-09 21:51:36,284 level=DEBUG run_id=b17c165f module=car_sim.engine msg="step" car='Subaru WRX STI' completion=1.8715624369150416 speed=49.99999626154438 run_id='b17c165f'
time=2025-11-09 21:51:36,294 level=DEBUG run_id=b17c165f module=car_sim.engine msg="step" car='Honda Civic Type R' completion=2.01335564730425 speed=53.999960545692694 run_id='b17c165f'
time=2025-11-09 21:51:36,294 level=DEBUG run_id=b17c165f module=car_sim.engine msg="step" car='Subaru WRX STI' completion=1.8801831259691608 speed=49.999996513890146 run_id='b17c165f'
time=2025-11-09 21:51:36,304 level=DEBUG run_id=b17c165f module=car_sim.engine msg="step" car='Honda Civic Type R' completion=2.022665985723031 speed=53.99996282892891 run_id='b17c165f'
time=2025-11-09 21:51:36,304 level=DEBUG run_id=b17c165f module=car_sim.engine msg="step" car='Subaru WRX STI' completion=1.8888038150638509 speed=49.999996749202566 run_id='b17c165f'
time=2025-11-09 21:51:36,315 level=DEBUG run_id=b17c165f module=car_sim.engine msg="step" car='Honda Civic Type R' completion=2.031976324512692 speed=53.9999649800333 run_id='b17c165f'
time=2025-11-09 21:51:36,315 level=DEBUG run_id=b17c165f module=car_sim.engine msg="step" car='Subaru WRX STI' completion=1.8974245041963733 speed=49.9999969686314 run_id='b17c165f'
time=2025-11-09 21:51:36,325 level=DEBUG run_id=b17c165f module=car_sim.engine msg="step" car='Honda Civic Type R' completion=2.04128666365177 speed=53.9999670066524 run_id='b17c165f'
time=2025-11-09 21:51:36,325 level=DEBUG run_id=b17c165f module=car_sim.engine msg="step" car='Subaru WRX STI' completion=1.9060451933641749 speed=49.99999717324879 run_id='b17c165f'
time=2025-11-09 21:51:36,335 level=DEBUG run_id=b17c165f module=car_sim.engine msg="step" car='Honda Civic Type R' completion=2.0505970031200444 speed=53.99996891599022 run_id='b17c165f'
time=2025-11-09 21:51:36,335 level=DEBUG run_id=b17c165f module=car_sim.engine msg="step" car='Subaru WRX STI' completion=1.914665882564874 speed=49.9999973640545 run_id='b17c165f'
time=2025-11-09 21:51:36,346 level=DEBUG run_id=b17c165f module=car_sim.engine msg="step" car='Honda Civic Type R' completion=2.059907342898464 speed=53.9999707148339 run_id='b17c165f'
time=2025-11-09 21:51:36,346 level=DEBUG run_id=b17c165f module=car_sim.engine msg="step" car='Subaru WRX STI' completion=1.92328657179625 speed=49.999997541980825 run_id='b17c165f'
time=2025-11-09 21:51:36,356 level=DEBUG run_id=b17c165f module=car_sim.engine msg="step" car='Honda Civic Type R' completion=2.069217682969081 speed=53.999972409577765 run_id='b17c165f'
time=2025-11-09 21:51:36,356 level=DEBUG run_id=b17c165f module=car_sim.engine msg="step" car='Subaru WRX STI' completion=1.9319072610562322 speed=49.99999770789712 run_id='b17c165f'
time=2025-11-09 21:51:36,366 level=DEBUG run_id=b17c165f module=car_sim.engine msg="step" car='Honda Civic Type R' completion=2.0785280233149854 speed=53.99997400624613 run_id='b17c165f'
time=2025-11-09 21:51:36,366 level=DEBUG run_id=b17c165f module=car_sim.engine msg="step" car='Subaru WRX STI' completion=1.94052795034289 speed=49.99999786261407 run_id='b17c165f'
time=2025-11-09 21:51:36,376 level=DEBUG run_id=b17c165f module=car_sim.engine msg="step" car='Honda Civic Type R' completion=2.0878383639202465 speed=53.99997551051465 run_id='b17c165f'
time=2025-11-09 21:51:36,376 level=DEBUG run_id=b17c165f module=car_sim.engine msg="step" car='Subaru WRX STI' completion=1.9491486396544224 speed=49.99999800688763 run_id='b17c165f'
time=2025-11-09 21:51:36,387 level=DEBUG run_id=b17c165f module=car_sim.engine msg="step" car='Honda Civic Type R' completion=2.0971487047698556 speed=53.99997692773056 run_id='b17c165f'
time=2025-11-09 21:51:36,387 level=DEBUG run_id=b17c165f module=car_sim.engine msg="step" car='Subaru WRX STI' completion=1.9577693289891502 speed=49.999998141422715 run_id='b17c165f'
time=2025-11-09 21:51:36,397 level=DEBUG run_id=b17c165f module=car_sim.engine msg="step" car='Honda Civic Type R' completion=2.1064590458496713 speed=53.99997826293162 run_id='b17c165f'
time=2025-11-09 21:51:36,397 level=DEBUG run_id=b17c165f module=car_sim.engine msg="step" car='Subaru WRX STI' completion=1.9663900183455083 speed=49.99999826687669 run_id='b17c165f'
time=2025-11-09 21:51:36,408 level=DEBUG run_id=b17c165f module=car_sim.engine msg="step" car='Honda Civic Type R' completion=2.1157693871463716 speed=53.99997952086407 run_id='b17c165f'
time=2025-11-09 21:51:36,408 level=DEBUG run_id=b17c165f module=car_sim.engine msg="step" car='Subaru WRX STI' completion=1.9750107077220362 speed=49.99999838386251 run_id='b17c165f'
time=2025-11-09 21:51:36,419 level=DEBUG run_id=b17c165f module=car_sim.engine msg="step" car='Honda Civic Type R' completion=2.1250797286474064 speed=53.99998070599948 run_id='b17c165f'
time=2025-11-09 21:51:36,419 level=DEBUG run_id=b17c165f module=car_sim.engine msg="step" car='Subaru WRX STI' completion=1.9836313971173727 speed=49.999998492951796 run_id='b17c165f'
time=2025-11-09 21:51:36,429 level=DEBUG run_id=b17c165f module=car_sim.engine msg="step" car='Honda Civic Type R' completion=2.1343900703409497 speed=53.99998182255063 run_id='b17c165f'
time=2025-11-09 21:51:36,429 level=DEBUG run_id=b17c165f module=car_sim.engine msg="step" car='Subaru WRX STI' completion=1.9922520865302482 speed=49.99999859467755 run_id='b17c165f'
time=2025-11-09 21:51:36,439 level=DEBUG run_id=b17c165f module=car_sim.engine msg="step" car='Honda Civic Type R' completion=2.143700412215861 speed=53.999982874486534 run_id='b17c165f'
time=2025-11-09 21:51:36,439 level=DEBUG run_id=b17c165f module=car_sim.engine msg="step" car='Subaru WRX STI' completion=2.0008727759594787 speed=49.99999868953682 run_id='b17c165f'
time=2025-11-09 21:51:36,449 level=DEBUG run_id=b17c165f module=car_sim.engine msg="step" car='Honda Civic Type R' completion=2.153010754261645 speed=53.9999838655465 run_id='b17c165f'
time=2025-11-09 21:51:36,449 level=DEBUG run_id=b17c165f module=car_sim.engine msg="step" car='Subaru WRX STI' completion=2.0094934654039602 speed=49.999998777993085 run_id='b17c165f'
time=2025-11-09 21:51:36,460 level=DEBUG run_id=b17c165f module=car_sim.engine msg="step" car='Honda Civic Type R' completion=2.1623210964684123 speed=53.99998479925344 run_id='b17c165f'
time=2025-11-09 21:51:36,460 level=DEBUG run_id=b17c165f module=car_sim.engine msg="step" car='Subaru WRX STI' completion=2.0181141548626633 speed=49.999998860478556 run_id='b17c165f'
time=2025-11-09 21:51:36,470 level=DEBUG run_id=b17c165f module=car_sim.engine msg="step" car='Honda Civic Type R' completion=2.1716314388268483 speed=53.99998567892639 run_id='b17c165f'
time=2025-11-09 21:51:36,470 level=DEBUG run_id=b17c165f module=car_sim.engine msg="step" car='Subaru WRX STI' completion=2.026734844334628 speed=49.999998937396256 run_id='b17c165f'
time=2025-11-09 21:51:36,480 level=DEBUG run_id=b17c165f module=car_sim.engine msg="step" car='Honda Civic Type R' completion=2.1809417813281744 speed=53.999986507692334 run_id='b17c165f'
time=2025-11-09 21:51:36,480 level=DEBUG run_id=b17c165f module=car_sim.engine msg="step" car='Subaru WRX STI' completion=2.0353555338189593 speed=49.99999900912201 run_id='b17c165f'
time=2025-11-09 21:51:36,490 level=DEBUG run_id=b17c165f module=car_sim.engine msg="step" car='Honda Civic Type R' completion=2.190252123964122 speed=53.99998728849727 run_id='b17c165f'
time=2025-11-09 21:51:36,490 level=DEBUG run_id=b17c165f module=car_sim.engine msg="step" car='Subaru WRX STI' completion=2.0439762233148224 speed=49.99999907600627 run_id='b17c165f'
time=2025-11-09 21:51:36,501 level=DEBUG run_id=b17c165f module=car_sim.engine msg="step" car='Honda Civic Type R' completion=2.199562466726901 speed=53.99998802411673 run_id='b17c165f'
time=2025-11-09 21:51:36,501 level=DEBUG run_id=b17c165f module=car_sim.engine msg="step" car='Subaru WRX STI' completion=2.052596912821439 speed=49.99999913837585 run_id='b17c165f'
time=2025-11-09 21:51:36,511 level=DEBUG run_id=b17c165f module=car_sim.engine msg="step" car='Honda Civic Type R' completion=2.2088728096091708 speed=53.99998871716561 run_id='b17c165f'
time=2025-11-09 21:51:36,511 level=DEBUG run_id=b17c165f module=car_sim.engine msg="step" car='Subaru WRX STI' completion=2.061217602338083 speed=49.99999919653548 run_id='b17c165f'
time=2025-11-09 21:51:36,521 level=DEBUG run_id=b17c165f module=car_sim.engine msg="step" car='Honda Civic Type R' completion=2.2181831526040168 speed=53.99998937010748 run_id='b17c165f'
time=2025-11-09 21:51:36,521 level=DEBUG run_id=b17c165f module=car_sim.engine msg="step" car='Subaru WRX STI' completion=2.0698382918640776 speed=49.999999250769335 run_id='b17c165f'
time=2025-11-09 21:51:36,532 level=DEBUG run_id=b17c165f module=car_sim.engine msg="step" car='Honda Civic Type R' completion=2.227493495704924 speed=53.999989985263355 run_id='b17c165f'
time=2025-11-09 21:51:36,532 level=DEBUG run_id=b17c165f module=car_sim.engine msg="step" car='Subaru WRX STI' completion=2.078458981398792 speed=49.999999301342406 run_id='b17c165f'
time=2025-11-09 21:51:36,542 level=DEBUG run_id=b17c165f module=car_sim.engine msg="step" car='Honda Civic Type R' completion=2.236803838905755 speed=53.999990564819925 run_id='b17c165f'
time=2025-11-09 21:51:36,542 level=DEBUG run_id=b17c165f module=car_sim.engine msg="step" car='Subaru WRX STI' completion=2.087079670941637 speed=49.999999348501795 run_id='b17c165f'
time=2025-11-09 21:51:36,553 level=DEBUG run_id=b17c165f module=car_sim.engine msg="step" car='Honda Civic Type R' completion=2.2461141822007273 speed=53.999991110837335 run_id='b17c165f'
time=2025-11-09 21:51:36,553 level=DEBUG run_id=b17c165f module=car_sim.engine msg="step" car='Subaru WRX STI' completion=2.0957003604920645 speed=49.999999392477925 run_id='b17c165f'
time=2025-11-09 21:51:36,563 level=DEBUG run_id=b17c165f module=car_sim.engine msg="step" car='Honda Civic Type R' completion=2.255424525584392 speed=53.99999162525651 run_id='b17c165f'
time=2025-11-09 21:51:36,563 level=DEBUG run_id=b17c165f module=car_sim.engine msg="step" car='Subaru WRX STI' completion=2.104321050049562 speed=49.99999943348566 run_id='b17c165f'
time=2025-11-09 21:51:36,573 level=DEBUG run_id=b17c165f module=car_sim.engine msg="step" car='Honda Civic Type R' completion=2.264734869051617 speed=53.99999210990606 run_id='b17c165f'
time=2025-11-09 21:51:36,573 level=DEBUG run_id=b17c165f module=car_sim.engine msg="step" car='Subaru WRX STI' completion=2.1129417396136523 speed=49.99999947172538 run_id='b17c165f'
time=2025-11-09 21:51:36,584 level=DEBUG run_id=b17c165f module=car_sim.engine msg="step" car='Honda Civic Type R' completion=2.274045212597567 speed=53.99999256650875 run_id='b17c165f'
time=2025-11-09 21:51:36,584 level=DEBUG run_id=b17c165f module=car_sim.engine msg="step" car='Subaru WRX STI' completion=2.1215624291838906 speed=49.99999950738392 run_id='b17c165f'
time=2025-11-09 21:51:36,595 level=DEBUG run_id=b17c165f module=car_sim.engine msg="step" car='Honda Civic Type R' completion=2.2833555562176855 speed=53.99999299668767 run_id='b17c165f'
time=2025-11-09 21:51:36,595 level=DEBUG run_id=b17c165f module=car_sim.engine msg="step" car='Subaru WRX STI' completion=2.1301831187598625 speed=49.99999954063551 run_id='b17c165f'
time=2025-11-09 21:51:36,605 level=DEBUG run_id=b17c165f module=car_sim.engine msg="step" car='Honda Civic Type R' completion=2.2926658999076808 speed=53.99999340197198 run_id='b17c165f'
time=2025-11-09 21:51:36,605 level=DEBUG run_id=b17c165f module=car_sim.engine msg="step" car='Subaru WRX STI' completion=2.13880380834118 speed=49.99999957164261 run_id='b17c165f'
time=2025-11-09 21:51:36,615 level=DEBUG run_id=b17c165f module=car_sim.engine msg="step" car='Honda Civic Type R' completion=2.3019762436635087 speed=53.999993783802324 run_id='b17c165f'
time=2025-11-09 21:51:36,615 level=DEBUG run_id=b17c165f module=car_sim.engine msg="step" car='Subaru WRX STI' completion=2.1474244979274832 speed=49.999999600556734 run_id='b17c165f'
time=2025-11-09 21:51:36,625 level=DEBUG run_id=b17c165f module=car_sim.engine msg="step" car='Honda Civic Type R' completion=2.31128658748136 speed=53.99999414353601 run_id='b17c165f'
time=2025-11-09 21:51:36,625 level=DEBUG run_id=b17c165f module=car_sim.engine msg="step" car='Subaru WRX STI' completion=2.1560451875184348 speed=49.99999962751915 run_id='b17c165f'
time=2025-11-09 21:51:36,636 level=DEBUG run_id=b17c165f module=car_sim.engine msg="step" car='Honda Civic Type R' completion=2.320596931357645 speed=53.99999448245177 run_id='b17c165f'
time=2025-11-09 21:51:36,636 level=DEBUG run_id=b17c165f module=car_sim.engine msg="step" car='Subaru WRX STI' completion=2.164665877113721 speed=49.99999965266161 run_id='b17c165f'
time=2025-11-09 21:51:36,646 level=DEBUG run_id=b17c165f module=car_sim.engine msg="step" car='Honda Civic Type R' completion=2.329907275288982 speed=53.99999480175435 run_id='b17c165f'
time=2025-11-09 21:51:36,646 level=DEBUG run_id=b17c165f module=car_sim.engine msg="step" car='Subaru WRX STI' completion=2.17328656671305 speed=49.99999967610695 run_id='b17c165f'
time=2025-11-09 21:51:36,657 level=DEBUG run_id=b17c165f module=car_sim.engine msg="step" car='Honda Civic Type R' completion=2.3392176192721847 speed=53.999995102578765 run_id='b17c165f'
time=2025-11-09 21:51:36,657 level=DEBUG run_id=b17c165f module=car_sim.engine msg="step" car='Subaru WRX STI' completion=2.181907256316148 speed=49.999999697969734 run_id='b17c165f'
time=2025-11-09 21:51:36,667 level=DEBUG run_id=b17c165f module=car_sim.engine msg="step" car='Honda Civic Type R' completion=2.348527963304253 speed=53.99999538599436 run_id='b17c165f'
time=2025-11-09 21:51:36,667 level=DEBUG run_id=b17c165f module=car_sim.engine msg="step" car='Subaru WRX STI' completion=2.1905279459227613 speed=49.999999718356776 run_id='b17c165f'
time=2025-11-09 21:51:36,677 level=DEBUG run_id=b17c165f module=car_sim.engine msg="step" car='Honda Civic Type R' completion=2.357838307382358 speed=53.99999565300859 run_id='b17c165f'
time=2025-11-09 21:51:36,677 level=DEBUG run_id=b17c165f module=car_sim.engine msg="step" car='Subaru WRX STI' completion=2.1991486355326524 speed=49.999999737367695 run_id='b17c165f'
time=2025-11-09 21:51:36,688 level=DEBUG run_id=b17c165f module=car_sim.engine msg="step" car='Honda Civic Type R' completion=2.3671486515038356 speed=53.9999959045706 run_id='b17c165f'
time=2025-11-09 21:51:36,688 level=DEBUG run_id=b17c165f module=car_sim.engine msg="step" car='Subaru WRX STI' completion=2.2077693251455996 speed=49.999999755095374 run_id='b17c165f'
time=2025-11-09 21:51:36,698 level=DEBUG run_id=b17c165f module=car_sim.engine msg="step" car='Honda Civic Type R' completion=2.3764589956661757 speed=53.99999614157463 run_id='b17c165f'
time=2025-11-09 21:51:36,698 level=DEBUG run_id=b17c165f module=car_sim.engine msg="step" car='Subaru WRX STI' completion=2.216390014761397 speed=49.999999771626435 run_id='b17c165f'
time=2025-11-09 21:51:36,709 level=DEBUG run_id=b17c165f module=car_sim.engine msg="step" car='Honda Civic Type R' completion=2.3857693398670143 speed=53.999996364863144 run_id='b17c165f'
time=2025-11-09 21:51:36,709 level=DEBUG run_id=b17c165f module=car_sim.engine msg="step" car='Subaru WRX STI' completion=2.225010704379853 speed=49.99999978704165 run_id='b17c165f'
time=2025-11-09 21:51:36,719 level=DEBUG run_id=b17c165f module=car_sim.engine msg="step" car='Honda Civic Type R' completion=2.395079684104123 speed=53.999996575229865 run_id='b17c165f'
time=2025-11-09 21:51:36,719 level=DEBUG run_id=b17c165f module=car_sim.engine msg="step" car='Subaru WRX STI' completion=2.2336313940007866 speed=49.99999980141634 run_id='b17c165f'
time=2025-11-09 21:51:36,730 level=DEBUG run_id=b17c165f module=car_sim.engine msg="step" car='Honda Civic Type R' completion=2.4043900283754027 speed=53.99999677342259 run_id='b17c165f'
time=2025-11-09 21:51:36,730 level=DEBUG run_id=b17c165f module=car_sim.engine msg="step" car='Subaru WRX STI' completion=2.2422520836240314 speed=49.99999981482073 run_id='b17c165f'
time=2025-11-09 21:51:36,740 level=DEBUG run_id=b17c165f module=car_sim.engine msg="step" car='Honda Civic Type R' completion=2.4137003726788757 speed=53.99999696014582 run_id='b17c165f'
time=2025-11-09 21:51:36,740 level=DEBUG run_id=b17c165f module=car_sim.engine msg="step" car='Subaru WRX STI' completion=2.2508727732494314 speed=49.99999982732033 run_id='b17c165f'
time=2025-11-09 21:51:36,751 level=DEBUG run_id=b17c165f module=car_sim.engine msg="step" car='Honda Civic Type R' completion=2.42301071701268 speed=53.999997136063314 run_id='b17c165f'
time=2025-11-09 21:51:36,751 level=DEBUG run_id=b17c165f module=car_sim.engine msg="step" car='Subaru WRX STI' completion=2.2594934628768413 speed=49.99999983897621 run_id='b17c165f'
time=2025-11-09 21:51:36,761 level=DEBUG run_id=b17c165f module=car_sim.engine msg="step" car='Honda Civic Type R' completion=2.432321061375059 speed=53.9999973018004 run_id='b17c165f'
time=2025-11-09 21:51:36,761 level=DEBUG run_id=b17c165f module=car_sim.engine msg="step" car='Subaru WRX STI' completion=2.268114152506125 speed=49.99999984984532 run_id='b17c165f'
time=2025-11-09 21:51:36,771 level=DEBUG run_id=b17c165f module=car_sim.engine msg="step" car='Honda Civic Type R' completion=2.44163140576436 speed=53.999997457946215 run_id='b17c165f'
time=2025-11-09 21:51:36,771 level=DEBUG run_id=b17c165f module=car_sim.engine msg="step" car='Subaru WRX STI' completion=2.2767348421371563 speed=49.99999985998076 run_id='b17c165f'
time=2025-11-09 21:51:36,782 level=DEBUG run_id=b17c165f module=car_sim.engine msg="step" car='Honda Civic Type R' completion=2.450941750179025 speed=53.99999760505581 run_id='b17c165f'
time=2025-11-09 21:51:36,782 level=DEBUG run_id=b17c165f module=car_sim.engine msg="step" car='Subaru WRX STI' completion=2.285355531769817 speed=49.99999986943206 run_id='b17c165f'
time=2025-11-09 21:51:36,792 level=DEBUG run_id=b17c165f module=car_sim.engine msg="step" car='Honda Civic Type R' completion=2.460252094617586 speed=53.99999774365212 run_id='b17c165f'
time=2025-11-09 21:51:36,792 level=DEBUG run_id=b17c165f module=car_sim.engine msg="step" car='Subaru WRX STI' completion=2.293976221403997 speed=49.9999998782454 run_id='b17c165f'
time=2025-11-09 21:51:36,803 level=DEBUG run_id=b17c165f module=car_sim.engine msg="step" car='Honda Civic Type R' completion=2.4695624390786595 speed=53.999997874227816 run_id='b17c165f'
time=2025-11-09 21:51:36,803 level=DEBUG run_id=b17c165f module=car_sim.engine msg="step" car='Subaru WRX STI' completion=2.3025969110395947 speed=49.99999988646383 run_id='b17c165f'
time=2025-11-09 21:51:36,813 level=DEBUG run_id=b17c165f module=car_sim.engine msg="step" car='Honda Civic Type R' completion=2.4788727835609436 speed=53.99999799724704 run_id='b17c165f'
time=2025-11-09 21:51:36,813 level=DEBUG run_id=b17c165f module=car_sim.engine msg="step" car='Subaru WRX STI' completion=2.311217600676513 speed=49.99999989412753 run_id='b17c165f'
time=2025-11-09 21:51:36,824 level=DEBUG run_id=b17c165f module=car_sim.engine msg="step" car='Honda Civic Type R' completion=2.4881831280632105 speed=53.9999981131471 run_id='b17c165f'
time=2025-11-09 21:51:36,824 level=DEBUG run_id=b17c165f module=car_sim.engine msg="step" car='Subaru WRX STI' completion=2.3198382903146637 speed=49.99999990127392 run_id='b17c165f'
time=2025-11-09 21:51:36,834 level=DEBUG run_id=b17c165f module=car_sim.engine msg="step" car='Honda Civic Type R' completion=2.4974934725843037 speed=53.999998222339975 run_id='b17c165f'
time=2025-11-09 21:51:36,834 level=DEBUG run_id=b17c165f module=car_sim.engine msg="step" car='Subaru WRX STI' completion=2.3284589799539632 speed=49.99999990793793 run_id='b17c165f'
time=2025-11-09 21:51:36,844 level=DEBUG run_id=b17c165f module=car_sim.engine msg="step" car='Honda Civic Type R' completion=2.5068038171231337 speed=53.999998325213824 run_id='b17c165f'
time=2025-11-09 21:51:36,844 level=DEBUG run_id=b17c165f module=car_sim.engine msg="step" car='Subaru WRX STI' completion=2.3370796695943348 speed=49.99999991415211 run_id='b17c165f'
time=2025-11-09 21:51:36,855 level=DEBUG run_id=b17c165f module=car_sim.engine msg="step" car='Honda Civic Type R' completion=2.516114161678674 speed=53.99999842213432 run_id='b17c165f'
time=2025-11-09 21:51:36,855 level=DEBUG run_id=b17c165f module=car_sim.engine msg="step" car='Subaru WRX STI' completion=2.3457003592357046 speed=49.999999919946845 run_id='b17c165f'
time=2025-11-09 21:51:36,865 level=DEBUG run_id=b17c165f module=car_sim.engine msg="step" car='Honda Civic Type R' completion=2.5254245062499576 speed=53.99999851344599 run_id='b17c165f'
time=2025-11-09 21:51:36,865 level=DEBUG run_id=b17c165f module=car_sim.engine msg="step" car='Subaru WRX STI' completion=2.3543210488780066 speed=49.99999992535043 run_id='b17c165f'
time=2025-11-09 21:51:36,876 level=DEBUG run_id=b17c165f module=car_sim.engine msg="step" car='Honda Civic Type R' completion=2.534734850836074 speed=53.99999859947342 run_id='b17c165f'
time=2025-11-09 21:51:36,876 level=DEBUG run_id=b17c165f module=car_sim.engine msg="step" car='Subaru WRX STI' completion=2.362941738521177 speed=49.99999993038928 run_id='b17c165f'
time=2025-11-09 21:51:36,886 level=DEBUG run_id=b17c165f module=car_sim.engine msg="step" car='Honda Civic Type R' completion=2.544045195436164 speed=53.99999868052242 run_id='b17c165f'
time=2025-11-09 21:51:36,886 level=DEBUG run_id=b17c165f module=car_sim.engine msg="step" car='Subaru WRX STI' completion=2.3715624281651575 speed=49.999999935088006 run_id='b17c165f'
time=2025-11-09 21:51:36,897 level=DEBUG run_id=b17c165f module=car_sim.engine msg="step" car='Honda Civic Type R' completion=2.5533555400494192 speed=53.99999875688108 run_id='b17c165f'
time=2025-11-09 21:51:36,897 level=DEBUG run_id=b17c165f module=car_sim.engine msg="step" car='Subaru WRX STI' completion=2.3801831178098936 speed=49.99999993946957 run_id='b17c165f'
time=2025-11-09 21:51:36,907 level=DEBUG run_id=b17c165f module=car_sim.engine msg="step" car='Honda Civic Type R' completion=2.562665884675078 speed=53.99999882882083 run_id='b17c165f'
time=2025-11-09 21:51:36,907 level=DEBUG run_id=b17c165f module=car_sim.engine msg="step" car='Subaru WRX STI' completion=2.3888038074553344 speed=49.99999994355537 run_id='b17c165f'
time=2025-11-09 21:51:36,917 level=DEBUG run_id=b17c165f module=car_sim.engine msg="step" car='Honda Civic Type R' completion=2.571976229312422 speed=53.999998896597404 run_id='b17c165f'
time=2025-11-09 21:51:36,917 level=DEBUG run_id=b17c165f module=car_sim.engine msg="step" car='Subaru WRX STI' completion=2.3974244971014316 speed=49.99999994736539 run_id='b17c165f'
time=2025-11-09 21:51:36,928 level=DEBUG run_id=b17c165f module=car_sim.engine msg="step" car='Honda Civic Type R' completion=2.5812865739607758 speed=53.99999896045172 run_id='b17c165f'
time=2025-11-09 21:51:36,928 level=DEBUG run_id=b17c165f module=car_sim.engine msg="step" car='Subaru WRX STI' completion=2.4060451867481416 speed=49.99999995091822 run_id='b17c165f'
time=2025-11-09 21:51:36,938 level=DEBUG run_id=b17c165f module=car_sim.engine msg="step" car='Honda Civic Type R' completion=2.590596918619502 speed=53.999999020610765 run_id='b17c165f'
time=2025-11-09 21:51:36,938 level=DEBUG run_id=b17c165f module=car_sim.engine msg="step" car='Subaru WRX STI' completion=2.4146658763954227 speed=49.99999995423124 run_id='b17c165f'
time=2025-11-09 21:51:36,949 level=DEBUG run_id=b17c165f module=car_sim.engine msg="step" car='Honda Civic Type R' completion=2.599907263288 speed=53.999999077288386 run_id='b17c165f'
time=2025-11-09 21:51:36,949 level=DEBUG run_id=b17c165f module=car_sim.engine msg="step" car='Subaru WRX STI' completion=2.423286566043237 speed=49.99999995732063 run_id='b17c165f'
time=2025-11-09 21:51:36,959 level=DEBUG run_id=b17c165f module=car_sim.engine msg="step" car='Honda Civic Type R' completion=2.6092176079657046 speed=53.99999913068605 run_id='b17c165f'
time=2025-11-09 21:51:36,959 level=DEBUG run_id=b17c165f module=car_sim.engine msg="step" car='Subaru WRX STI' completion=2.4319072556915478 speed=49.99999996020149 run_id='b17c165f'
time=2025-11-09 21:51:36,970 level=DEBUG run_id=b17c165f module=car_sim.engine msg="step" car='Honda Civic Type R' completion=2.6185279526520824 speed=53.99999918099357 run_id='b17c165f'
time=2025-11-09 21:51:36,970 level=DEBUG run_id=b17c165f module=car_sim.engine msg="step" car='Subaru WRX STI' completion=2.4405279453403215 speed=49.99999996288789 run_id='b17c165f'
time=2025-11-09 21:51:36,980 level=DEBUG run_id=b17c165f module=car_sim.engine msg="step" car='Honda Civic Type R' completion=2.6278382973466328 speed=53.999999228389775 run_id='b17c165f'
time=2025-11-09 21:51:36,980 level=DEBUG run_id=b17c165f module=car_sim.engine msg="step" car='Subaru WRX STI' completion=2.4491486349895273 speed=49.99999996539296 run_id='b17c165f'
time=2025-11-09 21:51:36,990 level=DEBUG run_id=b17c165f module=car_sim.engine msg="step" car='Honda Civic Type R' completion=2.6371486420488814 speed=53.999999273043144 run_id='b17c165f'
time=2025-11-09 21:51:36,990 level=DEBUG run_id=b17c165f module=car_sim.engine msg="step" car='Subaru WRX STI' completion=2.4577693246391354 speed=49.99999996772893 run_id='b17c165f'
time=2025-11-09 21:51:37,000 level=DEBUG run_id=b17c165f module=car_sim.engine msg="step" car='Honda Civic Type R' completion=2.6464589867583834 speed=53.999999315112404 run_id='b17c165f'
time=2025-11-09 21:51:37,000 level=DEBUG run_id=b17c165f module=car_sim.engine msg="step" car='Subaru WRX STI' completion=2.4663900142891197 speed=49.99999996990723 run_id='b17c165f'
time=2025-11-09 21:51:37,011 level=DEBUG run_id=b17c165f module=car_sim.engine msg="step" car='Honda Civic Type R' completion=2.655769331474719 speed=53.9999993547471 run_id='b17c165f'
time=2025-11-09 21:51:37,011 level=DEBUG run_id=b17c165f module=car_sim.engine msg="step" car='Subaru WRX STI' completion=2.4750107039394535 speed=49.99999997193849 run_id='b17c165f'
time=2025-11-09 21:51:37,021 level=DEBUG run_id=b17c165f module=car_sim.engine msg="step" car='Honda Civic Type R' completion=2.6650796761974926 speed=53.99999939208813 run_id='b17c165f'
time=2025-11-09 21:51:37,021 level=DEBUG run_id=b17c165f module=car_sim.engine msg="step" car='Subaru WRX STI' completion=2.4836313935901146 speed=49.999999973832644 run_id='b17c165f'
time=2025-11-09 21:51:37,032 level=DEBUG run_id=b17c165f module=car_sim.engine msg="step" car='Honda Civic Type R' completion=2.674390020926332 speed=53.999999427268214 run_id='b17c165f'
time=2025-11-09 21:51:37,032 level=DEBUG run_id=b17c165f module=car_sim.engine msg="step" car='Subaru WRX STI' completion=2.4922520832410795 speed=49.99999997559894 run_id='b17c165f'
time=2025-11-09 21:51:37,042 level=DEBUG run_id=b17c165f module=car_sim.engine msg="step" car='Honda Civic Type R' completion=2.683700365660886 speed=53.99999946041242 run_id='b17c165f'
time=2025-11-09 21:51:37,042 level=DEBUG run_id=b17c165f module=car_sim.engine msg="step" car='Subaru WRX STI' completion=2.500872772892329 speed=49.99999997724601 run_id='b17c165f'
time=2025-11-09 21:51:37,053 level=DEBUG run_id=b17c165f module=car_sim.engine msg="step" car='Honda Civic Type R' completion=2.6930107104008236 speed=53.99999949163855 run_id='b17c165f'
time=2025-11-09 21:51:37,053 level=DEBUG run_id=b17c165f module=car_sim.engine msg="step" car='Subaru WRX STI' completion=2.509493462543843 speed=49.99999997878191 run_id='b17c165f'
time=2025-11-09 21:51:37,063 level=DEBUG run_id=b17c165f module=car_sim.engine msg="step" car='Honda Civic Type R' completion=2.7023210551458337 speed=53.99999952105761 run_id='b17c165f'
time=2025-11-09 21:51:37,063 level=DEBUG run_id=b17c165f module=car_sim.engine msg="step" car='Subaru WRX STI' completion=2.5181141521956043 speed=49.99999998021413 run_id='b17c165f'
time=2025-11-09 21:51:37,074 level=DEBUG run_id=b17c165f module=car_sim.engine msg="step" car='Honda Civic Type R' completion=2.7116313998956225 speed=53.999999548774184 run_id='b17c165f'
time=2025-11-09 21:51:37,074 level=DEBUG run_id=b17c165f module=car_sim.engine msg="step" car='Subaru WRX STI' completion=2.5267348418475954 speed=49.99999998154968 run_id='b17c165f'
time=2025-11-09 21:51:37,084 level=DEBUG run_id=b17c165f module=car_sim.engine msg="step" car='Honda Civic Type R' completion=2.720941744649913 speed=53.999999574886786 run_id='b17c165f'
time=2025-11-09 21:51:37,084 level=DEBUG run_id=b17c165f module=car_sim.engine msg="step" car='Subaru WRX STI' completion=2.5353555314998015 speed=49.999999982795075 run_id='b17c165f'
time=2025-11-09 21:51:37,095 level=DEBUG run_id=b17c165f module=car_sim.engine msg="step" car='Honda Civic Type R' completion=2.7302520894084457 speed=53.99999959948825 run_id='b17c165f'
time=2025-11-09 21:51:37,095 level=DEBUG run_id=b17c165f module=car_sim.engine msg="step" car='Subaru WRX STI' completion=2.543976221152208 speed=49.99999998395641 run_id='b17c165f'
time=2025-11-09 21:51:37,105 level=DEBUG run_id=b17c165f module=car_sim.engine msg="step" car='Honda Civic Type R' completion=2.739562434170974 speed=53.99999962266601 run_id='b17c165f'
time=2025-11-09 21:51:37,105 level=DEBUG run_id=b17c165f module=car_sim.engine msg="step" car='Subaru WRX STI' completion=2.552596910804801 speed=49.99999998503935 run_id='b17c165f'
time=2025-11-09 21:51:37,115 level=DEBUG run_id=b17c165f module=car_sim.engine msg="step" car='Honda Civic Type R' completion=2.7488727789372676 speed=53.999999644502466 run_id='b17c165f'
time=2025-11-09 21:51:37,115 level=DEBUG run_id=b17c165f module=car_sim.engine msg="step" car='Subaru WRX STI' completion=2.5612176004575677 speed=49.9999999860492 run_id='b17c165f'
time=2025-11-09 21:51:37,125 level=DEBUG run_id=b17c165f module=car_sim.engine msg="step" car='Honda Civic Type R' completion=2.758183123707108 speed=53.999999665075244 run_id='b17c165f'
time=2025-11-09 21:51:37,125 level=DEBUG run_id=b17c165f module=car_sim.engine msg="step" car='Subaru WRX STI' completion=2.5698382901104972 speed=49.99999998699087 run_id='b17c165f'
time=2025-11-09 21:51:37,136 level=DEBUG run_id=b17c165f module=car_sim.engine msg="step" car='Honda Civic Type R' completion=2.7674934684802905 speed=53.999999684457464 run_id='b17c165f'
time=2025-11-09 21:51:37,136 level=DEBUG run_id=b17c165f module=car_sim.engine msg="step" car='Subaru WRX STI' completion=2.578458979763578 speed=49.99999998786899 run_id='b17c165f'
time=2025-11-09 21:51:37,146 level=DEBUG run_id=b17c165f module=car_sim.engine msg="step" car='Honda Civic Type R' completion=2.7768038132566213 speed=53.99999970271803 run_id='b17c165f'
time=2025-11-09 21:51:37,146 level=DEBUG run_id=b17c165f module=car_sim.engine msg="step" car='Subaru WRX STI' completion=2.5870796694168 speed=49.99999998868783 run_id='b17c165f'
time=2025-11-09 21:51:37,157 level=DEBUG run_id=b17c165f module=car_sim.engine msg="step" car='Honda Civic Type R' completion=2.786114158035918 speed=53.999999719921846 run_id='b17c165f'
time=2025-11-09 21:51:37,157 level=DEBUG run_id=b17c165f module=car_sim.engine msg="step" car='Subaru WRX STI' completion=2.595700359070154 speed=49.9999999894514 run_id='b17c165f'
time=2025-11-09 21:51:37,167 level=DEBUG run_id=b17c165f module=car_sim.engine msg="step" car='Honda Civic Type R' completion=2.7954245028180096 speed=53.99999973613007 run_id='b17c165f'
time=2025-11-09 21:51:37,167 level=DEBUG run_id=b17c165f module=car_sim.engine msg="step" car='Subaru WRX STI' completion=2.60432104872363 speed=49.99999999016343 run_id='b17c165f'
time=2025-11-09 21:51:37,178 level=DEBUG run_id=b17c165f module=car_sim.engine msg="step" car='Honda Civic Type R' completion=2.8047348476027336 speed=53.999999751400324 run_id='b17c165f'
time=2025-11-09 21:51:37,178 level=DEBUG run_id=b17c165f module=car_sim.engine msg="step" car='Subaru WRX STI' completion=2.612941738377221 speed=49.9999999908274 run_id='b17c165f'
time=2025-11-09 21:51:37,188 level=DEBUG run_id=b17c165f module=car_sim.engine msg="step" car='Honda Civic Type R' completion=2.8140451923899383 speed=53.99999976578688 run_id='b17c165f'
time=2025-11-09 21:51:37,188 level=DEBUG run_id=b17c165f module=car_sim.engine msg="step" car='Subaru WRX STI' completion=2.6215624280309187 speed=49.99999999144655 run_id='b17c165f'
time=2025-11-09 21:51:37,199 level=DEBUG run_id=b17c165f module=car_sim.engine msg="step" car='Honda Civic Type R' completion=2.82335553717948 speed=53.99999977934088 run_id='b17c165f'
time=2025-11-09 21:51:37,199 level=DEBUG run_id=b17c165f module=car_sim.engine msg="step" car='Subaru WRX STI' completion=2.630183117684716 speed=49.99999999202391 run_id='b17c165f'
time=2025-11-09 21:51:37,209 level=DEBUG run_id=b17c165f module=car_sim.engine msg="step" car='Honda Civic Type R' completion=2.8326658819712227 speed=53.99999979211051 run_id='b17c165f'
time=2025-11-09 21:51:37,209 level=DEBUG run_id=b17c165f module=car_sim.engine msg="step" car='Subaru WRX STI' completion=2.638803807338606 speed=49.999999992562294 run_id='b17c165f'
time=2025-11-09 21:51:37,220 level=DEBUG run_id=b17c165f module=car_sim.engine msg="step" car='Honda Civic Type R' completion=2.8419762267650404 speed=53.99999980414115 run_id='b17c165f'
time=2025-11-09 21:51:37,220 level=DEBUG run_id=b17c165f module=car_sim.engine msg="step" car='Subaru WRX STI' completion=2.6474244969925826 speed=49.99999999306434 run_id='b17c165f'
time=2025-11-09 21:51:37,230 level=DEBUG run_id=b17c165f module=car_sim.engine msg="step" car='Honda Civic Type R' completion=2.851286571560812 speed=53.999999815475576 run_id='b17c165f'
time=2025-11-09 21:51:37,230 level=DEBUG run_id=b17c165f module=car_sim.engine msg="step" car='Subaru WRX STI' completion=2.6560451866466397 speed=49.9999999935325 run_id='b17c165f'
time=2025-11-09 21:51:37,241 level=DEBUG run_id=b17c165f module=car_sim.engine msg="step" car='Honda Civic Type R' completion=2.860596916358425 speed=53.999999826154074 run_id='b17c165f'
time=2025-11-09 21:51:37,241 level=DEBUG run_id=b17c165f module=car_sim.engine msg="step" car='Subaru WRX STI' completion=2.6646658763007722 speed=49.999999993969055 run_id='b17c165f'
time=2025-11-09 21:51:37,251 level=DEBUG run_id=b17c165f module=car_sim.engine msg="step" car='Honda Civic Type R' completion=2.8699072611577723 speed=53.999999836214606 run_id='b17c165f'
time=2025-11-09 21:51:37,251 level=DEBUG run_id=b17c165f module=car_sim.engine msg="step" car='Subaru WRX STI' completion=2.673286565954975 speed=49.99999999437615 run_id='b17c165f'
time=2025-11-09 21:51:37,262 level=DEBUG run_id=b17c165f module=car_sim.engine msg="step" car='Honda Civic Type R' completion=2.8792176059587535 speed=53.999999845692926 run_id='b17c165f'
time=2025-11-09 21:51:37,262 level=DEBUG run_id=b17c165f module=car_sim.engine msg="step" car='Subaru WRX STI' completion=2.681907255609243 speed=49.999999994755754 run_id='b17c165f'
time=2025-11-09 21:51:37,272 level=DEBUG run_id=b17c165f module=car_sim.engine msg="step" car='Honda Civic Type R' completion=2.888527950761275 speed=53.999999854622736 run_id='b17c165f'
time=2025-11-09 21:51:37,272 level=DEBUG run_id=b17c165f module=car_sim.engine msg="step" car='Subaru WRX STI' completion=2.6905279452635726 speed=49.99999999510974 run_id='b17c165f'
time=2025-11-09 21:51:37,283 level=DEBUG run_id=b17c165f module=car_sim.engine msg="step" car='Honda Civic Type R' completion=2.8978382955652466 speed=53.999999863035775 run_id='b17c165f'
time=2025-11-09 21:51:37,283 level=DEBUG run_id=b17c165f module=car_sim.engine msg="step" car='Subaru WRX STI' completion=2.6991486349179588 speed=49.99999999543983 run_id='b17c165f'
time=2025-11-09 21:51:37,293 level=DEBUG run_id=b17c165f module=car_sim.engine msg="step" car='Honda Civic Type R' completion=2.907148640370585 speed=53.99999987096194 run_id='b17c165f'
time=2025-11-09 21:51:37,293 level=DEBUG run_id=b17c165f module=car_sim.engine msg="step" car='Subaru WRX STI' completion=2.7077693245723977 speed=49.99999999574764 run_id='b17c165f'
time=2025-11-09 21:51:37,304 level=DEBUG run_id=b17c165f module=car_sim.engine msg="step" car='Honda Civic Type R' completion=2.9164589851772105 speed=53.99999987842942 run_id='b17c165f'
time=2025-11-09 21:51:37,304 level=DEBUG run_id=b17c165f module=car_sim.engine msg="step" car='Subaru WRX STI' completion=2.7163900142268864 speed=49.999999996034674 run_id='b17c165f'
time=2025-11-09 21:51:37,314 level=DEBUG run_id=b17c165f module=car_sim.engine msg="step" car='Honda Civic Type R' completion=2.9257693299850493 speed=53.99999988546475 run_id='b17c165f'
time=2025-11-09 21:51:37,314 level=DEBUG run_id=b17c165f module=car_sim.engine msg="step" car='Subaru WRX STI' completion=2.7250107038814213 speed=49.999999996302336 run_id='b17c165f'
time=2025-11-09 21:51:37,324 level=DEBUG run_id=b17c165f module=car_sim.engine msg="step" car='Honda Civic Type R' completion=2.9350796747940313 speed=53.99999989209295 run_id='b17c165f'
time=2025-11-09 21:51:37,324 level=DEBUG run_id=b17c165f module=car_sim.engine msg="step" car='Subaru WRX STI' completion=2.7336313935359993 speed=49.99999999655193 run_id='b17c165f'
time=2025-11-09 21:51:37,334 level=DEBUG run_id=b17c165f module=car_sim.engine msg="step" car='Honda Civic Type R' completion=2.9443900196040893 speed=53.99999989833757 run_id='b17c165f'
time=2025-11-09 21:51:37,334 level=DEBUG run_id=b17c165f module=car_sim.engine msg="step" car='Subaru WRX STI' completion=2.742252083190617 speed=49.99999999678467 run_id='b17c165f'
time=2025-11-09 21:51:37,345 level=DEBUG run_id=b17c165f module=car_sim.engine msg="step" car='Honda Civic Type R' completion=2.9537003644151616 speed=53.999999904220815 run_id='b17c165f'
time=2025-11-09 21:51:37,345 level=DEBUG run_id=b17c165f module=car_sim.engine msg="step" car='Subaru WRX STI' completion=2.750872772845273 speed=49.99999999700171 run_id='b17c165f'
time=2025-11-09 21:51:37,355 level=DEBUG run_id=b17c165f module=car_sim.engine msg="step" car='Honda Civic Type R' completion=2.9630107092271896 speed=53.999999909763595 run_id='b17c165f'
time=2025-11-09 21:51:37,355 level=DEBUG run_id=b17c165f module=car_sim.engine msg="step" car='Subaru WRX STI' completion=2.759493462499963 speed=49.99999999720409 run_id='b17c165f'
time=2025-11-09 21:51:37,366 level=DEBUG run_id=b17c165f module=car_sim.engine msg="step" car='Honda Civic Type R' completion=2.972321054040118 speed=53.99999991498561 run_id='b17c165f'
time=2025-11-09 21:51:37,366 level=DEBUG run_id=b17c165f module=car_sim.engine msg="step" car='Subaru WRX STI' completion=2.768114152154686 speed=49.99999999739282 run_id='b17c165f'
time=2025-11-09 21:51:37,376 level=DEBUG run_id=b17c165f module=car_sim.engine msg="step" car='Honda Civic Type R' completion=2.981631398853895 speed=53.99999991990542 run_id='b17c165f'
time=2025-11-09 21:51:37,376 level=DEBUG run_id=b17c165f module=car_sim.engine msg="step" car='Subaru WRX STI' completion=2.7767348418094393 speed=49.99999999756881 run_id='b17c165f'
time=2025-11-09 21:51:37,387 level=DEBUG run_id=b17c165f module=car_sim.engine msg="step" car='Honda Civic Type R' completion=2.990941743668471 speed=53.999999924540525 run_id='b17c165f'
time=2025-11-09 21:51:37,387 level=DEBUG run_id=b17c165f module=car_sim.engine msg="step" car='Subaru WRX STI' completion=2.7853555314642207 speed=49.999999997732914 run_id='b17c165f'
time=2025-11-09 21:51:37,397 level=DEBUG run_id=b17c165f module=car_sim.engine msg="step" car='Honda Civic Type R' completion=3.0002520884837995 speed=53.99999992890739 run_id='b17c165f'
time=2025-11-09 21:51:37,397 level=DEBUG run_id=b17c165f module=car_sim.engine msg="step" car='Subaru WRX STI' completion=2.7939762211190287 speed=49.99999999788594 run_id='b17c165f'
time=2025-11-09 21:51:37,407 level=DEBUG run_id=b17c165f module=car_sim.engine msg="step" car='Honda Civic Type R' completion=3.0095624332998376 speed=53.99999993302155 run_id='b17c165f'
time=2025-11-09 21:51:37,407 level=DEBUG run_id=b17c165f module=car_sim.engine msg="step" car='Subaru WRX STI' completion=2.802596910773861 speed=49.99999999802864 run_id='b17c165f'
time=2025-11-09 21:51:37,417 level=DEBUG run_id=b17c165f module=car_sim.engine msg="step" car='Honda Civic Type R' completion=3.0188727781165445 speed=53.999999936897616 run_id='b17c165f'
time=2025-11-09 21:51:37,417 level=DEBUG run_id=b17c165f module=car_sim.engine msg="step" car='Subaru WRX STI' completion=2.8112176004287166 speed=49.999999998161705 run_id='b17c165f'
time=2025-11-09 21:51:37,428 level=DEBUG run_id=b17c165f module=car_sim.engine msg="step" car='Honda Civic Type R' completion=3.0281831229338807 speed=53.99999994054937 run_id='b17c165f'
time=2025-11-09 21:51:37,428 level=DEBUG run_id=b17c165f module=car_sim.engine msg="step" car='Subaru WRX STI' completion=2.8198382900835934 speed=49.999999998285794 run_id='b17c165f'
time=2025-11-09 21:51:37,438 level=DEBUG run_id=b17c165f module=car_sim.engine msg="step" car='Honda Civic Type R' completion=3.0374934677518097 speed=53.9999999439898 run_id='b17c165f'
time=2025-11-09 21:51:37,438 level=DEBUG run_id=b17c165f module=car_sim.engine msg="step" car='Subaru WRX STI' completion=2.8284589797384903 speed=49.999999998401506 run_id='b17c165f'
time=2025-11-09 21:51:37,449 level=DEBUG run_id=b17c165f module=car_sim.engine msg="step" car='Honda Civic Type R' completion=3.046803812570298 speed=53.99999994723113 run_id='b17c165f'
time=2025-11-09 21:51:37,449 level=DEBUG run_id=b17c165f module=car_sim.engine msg="step" car='Subaru WRX STI' completion=2.8370796693934057 speed=49.9999999985094 run_id='b17c165f'
time=2025-11-09 21:51:37,460 level=DEBUG run_id=b17c165f module=car_sim.engine msg="step" car='Honda Civic Type R' completion=3.0561141573893122 speed=53.99999995028489 run_id='b17c165f'
time=2025-11-09 21:51:37,460 level=DEBUG run_id=b17c165f module=car_sim.engine msg="step" car='Subaru WRX STI' completion=2.8457003590483385 speed=49.999999998610015 run_id='b17c165f'
time=2025-11-09 21:51:37,470 level=DEBUG run_id=b17c165f module=car_sim.engine msg="step" car='Honda Civic Type R' completion=3.0654245022088227 speed=53.99999995316192 run_id='b17c165f'
time=2025-11-09 21:51:37,470 level=DEBUG run_id=b17c165f module=car_sim.engine msg="step" car='Subaru WRX STI' completion=2.8543210487032877 speed=49.999999998703835 run_id='b17c165f'
time=2025-11-09 21:51:37,480 level=DEBUG run_id=b17c165f module=car_sim.engine msg="step" car='Honda Civic Type R' completion=3.0747348470288007 speed=53.999999955872454 run_id='b17c165f'
time=2025-11-09 21:51:37,480 level=DEBUG run_id=b17c165f module=car_sim.engine msg="step" car='Subaru WRX STI' completion=2.8629417383582516 speed=49.999999998791324 run_id='b17c165f'
time=2025-11-09 21:51:37,490 level=DEBUG run_id=b17c165f module=car_sim.engine msg="step" car='Honda Civic Type R' completion=3.084045191849219 speed=53.99999995842613 run_id='b17c165f'
time=2025-11-09 21:51:37,490 level=DEBUG run_id=b17c165f module=car_sim.engine msg="step" car='Subaru WRX STI' completion=2.8715624280132297 speed=49.99999999887291 run_id='b17c165f'
time=2025-11-09 21:51:37,501 level=DEBUG run_id=b17c165f module=car_sim.engine msg="step" car='Honda Civic Type R' completion=3.0933555366700523 speed=53.99999996083203 run_id='b17c165f'
time=2025-11-09 21:51:37,501 level=DEBUG run_id=b17c165f module=car_sim.engine msg="step" car='Subaru WRX STI' completion=2.8801831176682207 speed=49.99999999894899 run_id='b17c165f'
time=2025-11-09 21:51:37,511 level=DEBUG run_id=b17c165f module=car_sim.engine msg="step" car='Honda Civic Type R' completion=3.1026658814912764 speed=53.999999963098695 run_id='b17c165f'
time=2025-11-09 21:51:37,511 level=DEBUG run_id=b17c165f module=car_sim.engine msg="step" car='Subaru WRX STI' completion=2.8888038073232245 speed=49.999999999019934 run_id='b17c165f'
time=2025-11-09 21:51:37,521 level=DEBUG run_id=b17c165f module=car_sim.engine msg="step" car='Honda Civic Type R' completion=3.1119762263128687 speed=53.99999996523419 run_id='b17c165f'
time=2025-11-09 21:51:37,521 level=DEBUG run_id=b17c165f module=car_sim.engine msg="step" car='Subaru WRX STI' completion=2.8974244969782394 speed=49.999999999086086 run_id='b17c165f'
time=2025-11-09 21:51:37,532 level=DEBUG run_id=b17c165f module=car_sim.engine msg="step" car='Honda Civic Type R' completion=3.121286571134808 speed=53.9999999672461 run_id='b17c165f'
time=2025-11-09 21:51:37,532 level=DEBUG run_id=b17c165f module=car_sim.engine msg="step" car='Subaru WRX STI' completion=2.906045186633265 speed=49.999999999147775 run_id='b17c165f'
time=2025-11-09 21:51:37,543 level=DEBUG run_id=b17c165f module=car_sim.engine msg="step" car='Honda Civic Type R' completion=3.130596915957074 speed=53.99999996914158 run_id='b17c165f'
time=2025-11-09 21:51:37,543 level=DEBUG run_id=b17c165f module=car_sim.engine msg="step" car='Subaru WRX STI' completion=2.914665876288301 speed=49.9999999992053 run_id='b17c165f'
time=2025-11-09 21:51:37,553 level=DEBUG run_id=b17c165f module=car_sim.engine msg="step" car='Honda Civic Type R' completion=3.1399072607796477 speed=53.99999997092736 run_id='b17c165f'
time=2025-11-09 21:51:37,553 level=DEBUG run_id=b17c165f module=car_sim.engine msg="step" car='Subaru WRX STI' completion=2.923286565943345 speed=49.99999999925894 run_id='b17c165f'
time=2025-11-09 21:51:37,564 level=DEBUG run_id=b17c165f module=car_sim.engine msg="step" car='Honda Civic Type R' completion=3.1492176056025114 speed=53.99999997260981 run_id='b17c165f'
time=2025-11-09 21:51:37,564 level=DEBUG run_id=b17c165f module=car_sim.engine msg="step" car='Subaru WRX STI' completion=2.9319072555983983 speed=49.99999999930896 run_id='b17c165f'
time=2025-11-09 21:51:37,574 level=DEBUG run_id=b17c165f module=car_sim.engine msg="step" car='Honda Civic Type R' completion=3.1585279504256487 speed=53.999999974194886 run_id='b17c165f'
time=2025-11-09 21:51:37,574 level=DEBUG run_id=b17c165f module=car_sim.engine msg="step" car='Subaru WRX STI' completion=2.94052794525346 speed=49.99999999935561 run_id='b17c165f'
time=2025-11-09 21:51:37,584 level=DEBUG run_id=b17c165f module=car_sim.engine msg="step" car='Honda Civic Type R' completion=3.167838295249043 speed=53.99999997568824 run_id='b17c165f'
time=2025-11-09 21:51:37,584 level=DEBUG run_id=b17c165f module=car_sim.engine msg="step" car='Subaru WRX STI' completion=2.949148634908529 speed=49.99999999939911 run_id='b17c165f'
time=2025-11-09 21:51:37,595 level=DEBUG run_id=b17c165f module=car_sim.engine msg="step" car='Honda Civic Type R' completion=3.17714864007268 speed=53.99999997709517 run_id='b17c165f'
time=2025-11-09 21:51:37,595 level=DEBUG run_id=b17c165f module=car_sim.engine msg="step" car='Subaru WRX STI' completion=2.9577693245636048 speed=49.999999999439666 run_id='b17c165f'
time=2025-11-09 21:51:37,605 level=DEBUG run_id=b17c165f module=car_sim.engine msg="step" car='Honda Civic Type R' completion=3.1864589848965457 speed=53.99999997842068 run_id='b17c165f'
time=2025-11-09 21:51:37,605 level=DEBUG run_id=b17c165f module=car_sim.engine msg="step" car='Subaru WRX STI' completion=2.9663900142186868 speed=49.99999999947749 run_id='b17c165f'
time=2025-11-09 21:51:37,616 level=DEBUG run_id=b17c165f module=car_sim.engine msg="step" car='Honda Civic Type R' completion=3.1957693297206267 speed=53.99999997966949 run_id='b17c165f'
time=2025-11-09 21:51:37,616 level=DEBUG run_id=b17c165f module=car_sim.engine msg="step" car='Subaru WRX STI' completion=2.975010703873775 speed=49.99999999951276 run_id='b17c165f'
time=2025-11-09 21:51:37,626 level=DEBUG run_id=b17c165f module=car_sim.engine msg="step" car='Honda Civic Type R' completion=3.2050796745449106 speed=53.99999998084602 run_id='b17c165f'
time=2025-11-09 21:51:37,626 level=DEBUG run_id=b17c165f module=car_sim.engine msg="step" car='Subaru WRX STI' completion=2.983631393528869 speed=49.99999999954565 run_id='b17c165f'
time=2025-11-09 21:51:37,637 level=DEBUG run_id=b17c165f module=car_sim.engine msg="step" car='Honda Civic Type R' completion=3.2143900193693855 speed=53.99999998195447 run_id='b17c165f'
time=2025-11-09 21:51:37,637 level=DEBUG run_id=b17c165f module=car_sim.engine msg="step" car='Subaru WRX STI' completion=2.9922520831839687 speed=49.99999999957632 run_id='b17c165f'
time=2025-11-09 21:51:37,647 level=DEBUG run_id=b17c165f module=car_sim.engine msg="step" car='Honda Civic Type R' completion=3.2237003641940407 speed=53.999999982998766 run_id='b17c165f'
time=2025-11-09 21:51:37,647 level=DEBUG run_id=b17c165f module=car_sim.engine msg="step" car='Subaru WRX STI' completion=3.000872772839073 speed=49.99999999960492 run_id='b17c165f'
time=2025-11-09 21:51:37,658 level=DEBUG run_id=b17c165f module=car_sim.engine msg="step" car='Honda Civic Type R' completion=3.233010709018865 speed=53.99999998398263 run_id='b17c165f'
time=2025-11-09 21:51:37,658 level=DEBUG run_id=b17c165f module=car_sim.engine msg="step" car='Subaru WRX STI' completion=3.009493462494182 speed=49.999999999631584 run_id='b17c165f'
time=2025-11-09 21:51:37,668 level=DEBUG run_id=b17c165f module=car_sim.engine msg="step" car='Honda Civic Type R' completion=3.24232105384385 speed=53.999999984909564 run_id='b17c165f'
time=2025-11-09 21:51:37,668 level=DEBUG run_id=b17c165f module=car_sim.engine msg="step" car='Subaru WRX STI' completion=3.018114152149295 speed=49.99999999965645 run_id='b17c165f'
time=2025-11-09 21:51:37,679 level=DEBUG run_id=b17c165f module=car_sim.engine msg="step" car='Honda Civic Type R' completion=3.2516313986689847 speed=53.99999998578285 run_id='b17c165f'
time=2025-11-09 21:51:37,679 level=DEBUG run_id=b17c165f module=car_sim.engine msg="step" car='Subaru WRX STI' completion=3.0267348418044127 speed=49.999999999679645 run_id='b17c165f'
time=2025-11-09 21:51:37,689 level=DEBUG run_id=b17c165f module=car_sim.engine msg="step" car='Honda Civic Type R' completion=3.260941743494261 speed=53.9999999866056 run_id='b17c165f'
time=2025-11-09 21:51:37,689 level=DEBUG run_id=b17c165f module=car_sim.engine msg="step" car='Subaru WRX STI' completion=3.0353555314595333 speed=49.99999999970127 run_id='b17c165f'
time=2025-11-09 21:51:37,700 level=DEBUG run_id=b17c165f module=car_sim.engine msg="step" car='Honda Civic Type R' completion=3.2702520883196717 speed=53.99999998738074 run_id='b17c165f'
time=2025-11-09 21:51:37,700 level=DEBUG run_id=b17c165f module=car_sim.engine msg="step" car='Subaru WRX STI' completion=3.0439762211146575 speed=49.99999999972143 run_id='b17c165f'
time=2025-11-09 21:51:37,710 level=DEBUG run_id=b17c165f module=car_sim.engine msg="step" car='Honda Civic Type R' completion=3.279562433145208 speed=53.99999998811102 run_id='b17c165f'
time=2025-11-09 21:51:37,710 level=DEBUG run_id=b17c165f module=car_sim.engine msg="step" car='Subaru WRX STI' completion=3.0525969107697857 speed=49.99999999974023 run_id='b17c165f'
time=2025-11-09 21:51:37,721 level=DEBUG run_id=b17c165f module=car_sim.engine msg="step" car='Honda Civic Type R' completion=3.288872777970863 speed=53.99999998879904 run_id='b17c165f'
time=2025-11-09 21:51:37,721 level=DEBUG run_id=b17c165f module=car_sim.engine msg="step" car='Subaru WRX STI' completion=3.061217600424916 speed=49.99999999975777 run_id='b17c165f'
time=2025-11-09 21:51:37,731 level=DEBUG run_id=b17c165f module=car_sim.engine msg="step" car='Honda Civic Type R' completion=3.2981831227966296 speed=53.99999998944725 run_id='b17c165f'
time=2025-11-09 21:51:37,731 level=DEBUG run_id=b17c165f module=car_sim.engine msg="step" car='Subaru WRX STI' completion=3.0698382900800496 speed=49.99999999977412 run_id='b17c165f'
time=2025-11-09 21:51:37,741 level=DEBUG run_id=b17c165f module=car_sim.engine msg="step" car='Honda Civic Type R' completion=3.3074934676225016 speed=53.99999999005794 run_id='b17c165f'
time=2025-11-09 21:51:37,741 level=DEBUG run_id=b17c165f module=car_sim.engine msg="step" car='Subaru WRX STI' completion=3.0784589797351853 speed=49.99999999978937 run_id='b17c165f'
time=2025-11-09 21:51:37,752 level=DEBUG run_id=b17c165f module=car_sim.engine msg="step" car='Honda Civic Type R' completion=3.3168038124484727 speed=53.999999990633285 run_id='b17c165f'
time=2025-11-09 21:51:37,752 level=DEBUG run_id=b17c165f module=car_sim.engine msg="step" car='Subaru WRX STI' completion=3.087079669390324 speed=49.999999999803585 run_id='b17c165f'
time=2025-11-09 21:51:37,762 level=DEBUG run_id=b17c165f module=car_sim.engine msg="step" car='Honda Civic Type R' completion=3.326114157274537 speed=53.99999999117534 run_id='b17c165f'
time=2025-11-09 21:51:37,762 level=DEBUG run_id=b17c165f module=car_sim.engine msg="step" car='Subaru WRX STI' completion=3.095700359045465 speed=49.99999999981684 run_id='b17c165f'
time=2025-11-09 21:51:37,773 level=DEBUG run_id=b17c165f module=car_sim.engine msg="step" car='Honda Civic Type R' completion=3.33542450210069 speed=53.99999999168603 run_id='b17c165f'
time=2025-11-09 21:51:37,773 level=DEBUG run_id=b17c165f module=car_sim.engine msg="step" car='Subaru WRX STI' completion=3.104321048700608 speed=49.99999999982921 run_id='b17c165f'
time=2025-11-09 21:51:37,783 level=DEBUG run_id=b17c165f module=car_sim.engine msg="step" car='Honda Civic Type R' completion=3.344734846926926 speed=53.99999999216716 run_id='b17c165f'
time=2025-11-09 21:51:37,783 level=DEBUG run_id=b17c165f module=car_sim.engine msg="step" car='Subaru WRX STI' completion=3.1129417383557527 speed=49.99999999984074 run_id='b17c165f'
time=2025-11-09 21:51:37,793 level=DEBUG run_id=b17c165f module=car_sim.engine msg="step" car='Honda Civic Type R' completion=3.35404519175324 speed=53.99999999262045 run_id='b17c165f'
time=2025-11-09 21:51:37,793 level=DEBUG run_id=b17c165f module=car_sim.engine msg="step" car='Subaru WRX STI' completion=3.1215624280108996 speed=49.99999999985149 run_id='b17c165f'
time=2025-11-09 21:51:37,804 level=DEBUG run_id=b17c165f module=car_sim.engine msg="step" car='Honda Civic Type R' completion=3.3633555365796277 speed=53.99999999304751 run_id='b17c165f'
time=2025-11-09 21:51:37,804 level=DEBUG run_id=b17c165f module=car_sim.engine msg="step" car='Subaru WRX STI' completion=3.130183117666048 speed=49.999999999861515 run_id='b17c165f'
time=2025-11-09 21:51:37,814 level=DEBUG run_id=b17c165f module=car_sim.engine msg="step" car='Honda Civic Type R' completion=3.3726658814060846 speed=53.999999993449855 run_id='b17c165f'
time=2025-11-09 21:51:37,814 level=DEBUG run_id=b17c165f module=car_sim.engine msg="step" car='Subaru WRX STI' completion=3.1388038073211986 speed=49.999999999870866 run_id='b17c165f'
time=2025-11-09 21:51:37,825 level=DEBUG run_id=b17c165f module=car_sim.engine msg="step" car='Honda Civic Type R' completion=3.381976226232607 speed=53.999999993828915 run_id='b17c165f'
time=2025-11-09 21:51:37,825 level=DEBUG run_id=b17c165f module=car_sim.engine msg="step" car='Subaru WRX STI' completion=3.1474244969763503 speed=49.999999999879584 run_id='b17c165f'
time=2025-11-09 21:51:37,836 level=DEBUG run_id=b17c165f module=car_sim.engine msg="step" car='Honda Civic Type R' completion=3.391286571059191 speed=53.99999999418604 run_id='b17c165f'
time=2025-11-09 21:51:37,836 level=DEBUG run_id=b17c165f module=car_sim.engine msg="step" car='Subaru WRX STI' completion=3.1560451866315034 speed=49.99999999988771 run_id='b17c165f'
time=2025-11-09 21:51:37,846 level=DEBUG run_id=b17c165f module=car_sim.engine msg="step" car='Honda Civic Type R' completion=3.4005969158858327 speed=53.9999999945225 run_id='b17c165f'
time=2025-11-09 21:51:37,846 level=DEBUG run_id=b17c165f module=car_sim.engine msg="step" car='Subaru WRX STI' completion=3.1646658762866573 speed=49.999999999895294 run_id='b17c165f'
time=2025-11-09 21:51:37,857 level=DEBUG run_id=b17c165f module=car_sim.engine msg="step" car='Honda Civic Type R' completion=3.409907260712529 speed=53.999999994839484 run_id='b17c165f'
time=2025-11-09 21:51:37,857 level=DEBUG run_id=b17c165f module=car_sim.engine msg="step" car='Subaru WRX STI' completion=3.173286565941813 speed=49.999999999902364 run_id='b17c165f'
time=2025-11-09 21:51:37,867 level=DEBUG run_id=b17c165f module=car_sim.engine msg="step" car='Honda Civic Type R' completion=3.419217605539277 speed=53.999999995138126 run_id='b17c165f'
time=2025-11-09 21:51:37,867 level=DEBUG run_id=b17c165f module=car_sim.engine msg="step" car='Subaru WRX STI' completion=3.1819072555969696 speed=49.99999999990895 run_id='b17c165f'
time=2025-11-09 21:51:37,877 level=DEBUG run_id=b17c165f module=car_sim.engine msg="step" car='Honda Civic Type R' completion=3.4285279503660737 speed=53.999999995419486 run_id='b17c165f'
time=2025-11-09 21:51:37,877 level=DEBUG run_id=b17c165f module=car_sim.engine msg="step" car='Subaru WRX STI' completion=3.1905279452521276 speed=49.9999999999151 run_id='b17c165f'
time=2025-11-09 21:51:37,888 level=DEBUG run_id=b17c165f module=car_sim.engine msg="step" car='Honda Civic Type R' completion=3.437838295192916 speed=53.99999999568456 run_id='b17c165f'
time=2025-11-09 21:51:37,889 level=DEBUG run_id=b17c165f module=car_sim.engine msg="step" car='Subaru WRX STI' completion=3.1991486349072864 speed=49.99999999992083 run_id='b17c165f'
time=2025-11-09 21:51:37,899 level=DEBUG run_id=b17c165f module=car_sim.engine msg="step" car='Honda Civic Type R' completion=3.447148640019801 speed=53.999999995934296 run_id='b17c165f'
time=2025-11-09 21:51:37,899 level=DEBUG run_id=b17c165f module=car_sim.engine msg="step" car='Subaru WRX STI' completion=3.207769324562446 speed=49.999999999926175 run_id='b17c165f'
time=2025-11-09 21:51:37,910 level=DEBUG run_id=b17c165f module=car_sim.engine msg="step" car='Honda Civic Type R' completion=3.4564589848467264 speed=53.99999999616958 run_id='b17c165f'
time=2025-11-09 21:51:37,910 level=DEBUG run_id=b17c165f module=car_sim.engine msg="step" car='Subaru WRX STI' completion=3.2163900142176067 speed=49.999999999931156 run_id='b17c165f'
time=2025-11-09 21:51:37,920 level=DEBUG run_id=b17c165f module=car_sim.engine msg="step" car='Honda Civic Type R' completion=3.4657693296736904 speed=53.999999996391246 run_id='b17c165f'
time=2025-11-09 21:51:37,920 level=DEBUG run_id=b17c165f module=car_sim.engine msg="step" car='Subaru WRX STI' completion=3.225010703872768 speed=49.9999999999358 run_id='b17c165f'
time=2025-11-09 21:51:37,931 level=DEBUG run_id=b17c165f module=car_sim.engine msg="step" car='Honda Civic Type R' completion=3.4750796745006904 speed=53.99999999660009 run_id='b17c165f'
time=2025-11-09 21:51:37,931 level=DEBUG run_id=b17c165f module=car_sim.engine msg="step" car='Subaru WRX STI' completion=3.23363139352793 speed=49.99999999994014 run_id='b17c165f'
time=2025-11-09 21:51:37,941 level=DEBUG run_id=b17c165f module=car_sim.engine msg="step" car='Honda Civic Type R' completion=3.4843900193277246 speed=53.999999996796845 run_id='b17c165f'
time=2025-11-09 21:51:37,941 level=DEBUG run_id=b17c165f module=car_sim.engine msg="step" car='Subaru WRX STI' completion=3.242252083183093 speed=49.99999999994418 run_id='b17c165f'
time=2025-11-09 21:51:37,951 level=DEBUG run_id=b17c165f module=car_sim.engine msg="step" car='Honda Civic Type R' completion=3.49370036415479 speed=53.99999999698221 run_id='b17c165f'
time=2025-11-09 21:51:37,951 level=DEBUG run_id=b17c165f module=car_sim.engine msg="step" car='Subaru WRX STI' completion=3.2508727728382567 speed=49.999999999947946 run_id='b17c165f'
time=2025-11-09 21:51:37,962 level=DEBUG run_id=b17c165f module=car_sim.engine msg="step" car='Honda Civic Type R' completion=3.503010708981886 speed=53.999999997156856 run_id='b17c165f'
time=2025-11-09 21:51:37,962 level=DEBUG run_id=b17c165f module=car_sim.engine msg="step" car='Subaru WRX STI' completion=3.259493462493421 speed=49.999999999951456 run_id='b17c165f'
time=2025-11-09 21:51:37,972 level=DEBUG run_id=b17c165f module=car_sim.engine msg="step" car='Honda Civic Type R' completion=3.51232105380901 speed=53.99999999732139 run_id='b17c165f'
time=2025-11-09 21:51:37,972 level=DEBUG run_id=b17c165f module=car_sim.engine msg="step" car='Subaru WRX STI' completion=3.268114152148586 speed=49.99999999995473 run_id='b17c165f'
time=2025-11-09 21:51:37,983 level=DEBUG run_id=b17c165f module=car_sim.engine msg="step" car='Honda Civic Type R' completion=3.521631398636161 speed=53.9999999974764 run_id='b17c165f'
time=2025-11-09 21:51:37,983 level=DEBUG run_id=b17c165f module=car_sim.engine msg="step" car='Subaru WRX STI' completion=3.276734841803751 speed=49.99999999995779 run_id='b17c165f'
time=2025-11-09 21:51:37,994 level=DEBUG run_id=b17c165f module=car_sim.engine msg="step" car='Honda Civic Type R' completion=3.5309417434633374 speed=53.999999997622446 run_id='b17c165f'
time=2025-11-09 21:51:37,994 level=DEBUG run_id=b17c165f module=car_sim.engine msg="step" car='Subaru WRX STI' completion=3.2853555314589165 speed=49.999999999960636 run_id='b17c165f'
time=2025-11-09 21:51:38,004 level=DEBUG run_id=b17c165f module=car_sim.engine msg="step" car='Honda Civic Type R' completion=3.5402520882905373 speed=53.999999997760035 run_id='b17c165f'
time=2025-11-09 21:51:38,004 level=DEBUG run_id=b17c165f module=car_sim.engine msg="step" car='Subaru WRX STI' completion=3.2939762211140824 speed=49.99999999996329 run_id='b17c165f'
time=2025-11-09 21:51:38,015 level=DEBUG run_id=b17c165f module=car_sim.engine msg="step" car='Honda Civic Type R' completion=3.5495624331177593 speed=53.99999999788967 run_id='b17c165f'
time=2025-11-09 21:51:38,015 level=DEBUG run_id=b17c165f module=car_sim.engine msg="step" car='Subaru WRX STI' completion=3.302596910769249 speed=49.99999999996577 run_id='b17c165f'
time=2025-11-09 21:51:38,025 level=DEBUG run_id=b17c165f module=car_sim.engine msg="step" car='Honda Civic Type R' completion=3.5588727779450027 speed=53.999999998011795 run_id='b17c165f'
time=2025-11-09 21:51:38,025 level=DEBUG run_id=b17c165f module=car_sim.engine msg="step" car='Subaru WRX STI' completion=3.311217600424416 speed=49.99999999996808 run_id='b17c165f'
time=2025-11-09 21:51:38,035 level=DEBUG run_id=b17c165f module=car_sim.engine msg="step" car='Honda Civic Type R' completion=3.568183122772266 speed=53.99999999812685 run_id='b17c165f'
time=2025-11-09 21:51:38,035 level=DEBUG run_id=b17c165f module=car_sim.engine msg="step" car='Subaru WRX STI' completion=3.3198382900795833 speed=49.999999999970235 run_id='b17c165f'
time=2025-11-09 21:51:38,046 level=DEBUG run_id=b17c165f module=car_sim.engine msg="step" car='Honda Civic Type R' completion=3.577493467599548 speed=53.99999999823525 run_id='b17c165f'
time=2025-11-09 21:51:38,046 level=DEBUG run_id=b17c165f module=car_sim.engine msg="step" car='Subaru WRX STI' completion=3.3284589797347506 speed=49.999999999972246 run_id='b17c165f'
time=2025-11-09 21:51:38,056 level=DEBUG run_id=b17c165f module=car_sim.engine msg="step" car='Honda Civic Type R' completion=3.5868038124268473 speed=53.99999999833738 run_id='b17c165f'
time=2025-11-09 21:51:38,056 level=DEBUG run_id=b17c165f module=car_sim.engine msg="step" car='Subaru WRX STI' completion=3.3370796693899187 speed=49.99999999997412 run_id='b17c165f'
time=2025-11-09 21:51:38,066 level=DEBUG run_id=b17c165f module=car_sim.engine msg="step" car='Honda Civic Type R' completion=3.596114157254163 speed=53.999999998433594 run_id='b17c165f'
time=2025-11-09 21:51:38,066 level=DEBUG run_id=b17c165f module=car_sim.engine msg="step" car='Subaru WRX STI' completion=3.345700359045087 speed=49.99999999997587 run_id='b17c165f'
time=2025-11-09 21:51:38,077 level=DEBUG run_id=b17c165f module=car_sim.engine msg="step" car='Honda Civic Type R' completion=3.605424502081495 speed=53.999999998524245 run_id='b17c165f'
time=2025-11-09 21:51:38,077 level=DEBUG run_id=b17c165f module=car_sim.engine msg="step" car='Subaru WRX STI' completion=3.3543210487002555 speed=49.9999999999775 run_id='b17c165f'
time=2025-11-09 21:51:38,087 level=DEBUG run_id=b17c165f module=car_sim.engine msg="step" car='Honda Civic Type R' completion=3.614734846908841 speed=53.999999998609646 run_id='b17c165f'
time=2025-11-09 21:51:38,087 level=DEBUG run_id=b17c165f module=car_sim.engine msg="step" car='Subaru WRX STI' completion=3.362941738355424 speed=49.99999999997902 run_id='b17c165f'
time=2025-11-09 21:51:38,098 level=DEBUG run_id=b17c165f module=car_sim.engine msg="step" car='Honda Civic Type R' completion=3.6240451917362018 speed=53.99999999869011 run_id='b17c165f'
time=2025-11-09 21:51:38,098 level=DEBUG run_id=b17c165f module=car_sim.engine msg="step" car='Subaru WRX STI' completion=3.3715624280105936 speed=49.99999999998043 run_id='b17c165f'
time=2025-11-09 21:51:38,108 level=DEBUG run_id=b17c165f module=car_sim.engine msg="step" car='Honda Civic Type R' completion=3.6333555365635752 speed=53.999999998765915 run_id='b17c165f'
time=2025-11-09 21:51:38,108 level=DEBUG run_id=b17c165f module=car_sim.engine msg="step" car='Subaru WRX STI' completion=3.3801831176657626 speed=49.99999999998175 run_id='b17c165f'
time=2025-11-09 21:51:38,118 level=DEBUG run_id=b17c165f module=car_sim.engine msg="step" car='Honda Civic Type R' completion=3.6426658813909607 speed=53.99999999883733 run_id='b17c165f'
time=2025-11-09 21:51:38,118 level=DEBUG run_id=b17c165f module=car_sim.engine msg="step" car='Subaru WRX STI' completion=3.388803807320932 speed=49.99999999998298 run_id='b17c165f'
time=2025-11-09 21:51:38,129 level=DEBUG run_id=b17c165f module=car_sim.engine msg="step" car='Honda Civic Type R' completion=3.651976226218358 speed=53.99999999890461 run_id='b17c165f'
time=2025-11-09 21:51:38,129 level=DEBUG run_id=b17c165f module=car_sim.engine msg="step" car='Subaru WRX STI' completion=3.397424496976102 speed=49.999999999984134 run_id='b17c165f'
time=2025-11-09 21:51:38,139 level=DEBUG run_id=b17c165f module=car_sim.engine msg="step" car='Honda Civic Type R' completion=3.6612865710457663 speed=53.999999998968 run_id='b17c165f'
time=2025-11-09 21:51:38,139 level=DEBUG run_id=b17c165f module=car_sim.engine msg="step" car='Subaru WRX STI' completion=3.4060451866312715 speed=49.99999999998521 run_id='b17c165f'
time=2025-11-09 21:51:38,149 level=DEBUG run_id=b17c165f module=car_sim.engine msg="step" car='Honda Civic Type R' completion=3.670596915873185 speed=53.99999999902772 run_id='b17c165f'
time=2025-11-09 21:51:38,149 level=DEBUG run_id=b17c165f module=car_sim.engine msg="step" car='Subaru WRX STI' completion=3.4146658762864415 speed=49.9999999999862 run_id='b17c165f'
time=2025-11-09 21:51:38,159 level=DEBUG run_id=b17c165f module=car_sim.engine msg="step" car='Honda Civic Type R' completion=3.679907260700613 speed=53.99999999908399 run_id='b17c165f'
time=2025-11-09 21:51:38,159 level=DEBUG run_id=b17c165f module=car_sim.engine msg="step" car='Subaru WRX STI' completion=3.4232865659416114 speed=49.99999999998713 run_id='b17c165f'
time=2025-11-09 21:51:38,170 level=DEBUG run_id=b17c165f module=car_sim.engine msg="step" car='Honda Civic Type R' completion=3.6892176055280506 speed=53.999999999137 run_id='b17c165f'
time=2025-11-09 21:51:38,170 level=DEBUG run_id=b17c165f module=car_sim.engine msg="step" car='Subaru WRX STI' completion=3.4319072555967822 speed=49.999999999988 run_id='b17c165f'
time=2025-11-09 21:51:38,180 level=DEBUG run_id=b17c165f module=car_sim.engine msg="step" car='Honda Civic Type R' completion=3.698527950355497 speed=53.99999999918695 run_id='b17c165f'
time=2025-11-09 21:51:38,180 level=DEBUG run_id=b17c165f module=car_sim.engine msg="step" car='Subaru WRX STI' completion=3.4405279452519526 speed=49.99999999998881 run_id='b17c165f'
time=2025-11-09 21:51:38,191 level=DEBUG run_id=b17c165f module=car_sim.engine msg="step" car='Honda Civic Type R' completion=3.707838295182951 speed=53.999999999234 run_id='b17c165f'
time=2025-11-09 21:51:38,191 level=DEBUG run_id=b17c165f module=car_sim.engine msg="step" car='Subaru WRX STI' completion=3.449148634907123 speed=49.99999999998956 run_id='b17c165f'
time=2025-11-09 21:51:38,201 level=DEBUG run_id=b17c165f module=car_sim.engine msg="step" car='Honda Civic Type R' completion=3.717148640010413 speed=53.99999999927833 run_id='b17c165f'
time=2025-11-09 21:51:38,201 level=DEBUG run_id=b17c165f module=car_sim.engine msg="step" car='Subaru WRX STI' completion=3.457769324562294 speed=49.999999999990266 run_id='b17c165f'
time=2025-11-09 21:51:38,212 level=DEBUG run_id=b17c165f module=car_sim.engine msg="step" car='Honda Civic Type R' completion=3.726458984837882 speed=53.999999999320096 run_id='b17c165f'
time=2025-11-09 21:51:38,212 level=DEBUG run_id=b17c165f module=car_sim.engine msg="step" car='Subaru WRX STI' completion=3.4663900142174646 speed=49.999999999990926 run_id='b17c165f'
time=2025-11-09 21:51:38,222 level=DEBUG run_id=b17c165f module=car_sim.engine msg="step" car='Honda Civic Type R' completion=3.7357693296653576 speed=53.999999999359446 run_id='b17c165f'
time=2025-11-09 21:51:38,222 level=DEBUG run_id=b17c165f module=car_sim.engine msg="step" car='Subaru WRX STI' completion=3.475010703872636 speed=49.99999999999154 run_id='b17c165f'
time=2025-11-09 21:51:38,232 level=DEBUG run_id=b17c165f module=car_sim.engine msg="step" car='Honda Civic Type R' completion=3.74507967449284 speed=53.999999999396515 run_id='b17c165f'
time=2025-11-09 21:51:38,232 level=DEBUG run_id=b17c165f module=car_sim.engine msg="step" car='Subaru WRX STI' completion=3.483631393527807 speed=49.999999999992106 run_id='b17c165f'
time=2025-11-09 21:51:38,243 level=DEBUG run_id=b17c165f module=car_sim.engine msg="step" car='Honda Civic Type R' completion=3.7543900193203283 speed=53.99999999943144 run_id='b17c165f'
time=2025-11-09 21:51:38,243 level=DEBUG run_id=b17c165f module=car_sim.engine msg="step" car='Subaru WRX STI' completion=3.4922520831829784 speed=49.99999999999264 run_id='b17c165f'
time=2025-11-09 21:51:38,253 level=DEBUG run_id=b17c165f module=car_sim.engine msg="step" car='Honda Civic Type R' completion=3.763700364147822 speed=53.99999999946434 run_id='b17c165f'
time=2025-11-09 21:51:38,253 level=DEBUG run_id=b17c165f module=car_sim.engine msg="step" car='Subaru WRX STI' completion=3.5008727728381497 speed=49.999999999993136 run_id='b17c165f'
time=2025-11-09 21:51:38,263 level=DEBUG run_id=b17c165f module=car_sim.engine msg="step" car='Honda Civic Type R' completion=3.7730107089753213 speed=53.999999999495344 run_id='b17c165f'
time=2025-11-09 21:51:38,263 level=DEBUG run_id=b17c165f module=car_sim.engine msg="step" car='Subaru WRX STI' completion=3.5094934624933205 speed=49.9999999999936 run_id='b17c165f'
time=2025-11-09 21:51:38,274 level=DEBUG run_id=b17c165f module=car_sim.engine msg="step" car='Honda Civic Type R' completion=3.7823210538028254 speed=53.99999999952455 run_id='b17c165f'
time=2025-11-09 21:51:38,274 level=DEBUG run_id=b17c165f module=car_sim.engine msg="step" car='Subaru WRX STI' completion=3.5181141521484918 speed=49.99999999999403 run_id='b17c165f'
time=2025-11-09 21:51:38,284 level=DEBUG run_id=b17c165f module=car_sim.engine msg="step" car='Honda Civic Type R' completion=3.7916313986303343 speed=53.99999999955206 run_id='b17c165f'
time=2025-11-09 21:51:38,284 level=DEBUG run_id=b17c165f module=car_sim.engine msg="step" car='Subaru WRX STI' completion=3.526734841803663 speed=49.99999999999444 run_id='b17c165f'
time=2025-11-09 21:51:38,295 level=DEBUG run_id=b17c165f module=car_sim.engine msg="step" car='Honda Civic Type R' completion=3.8009417434578476 speed=53.99999999957798 run_id='b17c165f'
time=2025-11-09 21:51:38,295 level=DEBUG run_id=b17c165f module=car_sim.engine msg="step" car='Subaru WRX STI' completion=3.5353555314588347 speed=49.99999999999481 run_id='b17c165f'
time=2025-11-09 21:51:38,305 level=DEBUG run_id=b17c165f module=car_sim.engine msg="step" car='Honda Civic Type R' completion=3.8102520882853654 speed=53.9999999996024 run_id='b17c165f'
time=2025-11-09 21:51:38,305 level=DEBUG run_id=b17c165f module=car_sim.engine msg="step" car='Subaru WRX STI' completion=3.5439762211140065 speed=49.99999999999516 run_id='b17c165f'
time=2025-11-09 21:51:38,316 level=DEBUG run_id=b17c165f module=car_sim.engine msg="step" car='Honda Civic Type R' completion=3.8195624331128872 speed=53.99999999962541 run_id='b17c165f'
time=2025-11-09 21:51:38,316 level=DEBUG run_id=b17c165f module=car_sim.engine msg="step" car='Subaru WRX STI' completion=3.552596910769178 speed=49.99999999999549 run_id='b17c165f'
time=2025-11-09 21:51:38,326 level=DEBUG run_id=b17c165f module=car_sim.engine msg="step" car='Honda Civic Type R' completion=3.8288727779404126 speed=53.99999999964709 run_id='b17c165f'
time=2025-11-09 21:51:38,326 level=DEBUG run_id=b17c165f module=car_sim.engine msg="step" car='Subaru WRX STI' completion=3.5612176004243503 speed=49.999999999995794 run_id='b17c165f'
time=2025-11-09 21:51:38,337 level=DEBUG run_id=b17c165f module=car_sim.engine msg="step" car='Honda Civic Type R' completion=3.8381831227679415 speed=53.99999999966751 run_id='b17c165f'
time=2025-11-09 21:51:38,337 level=DEBUG run_id=b17c165f module=car_sim.engine msg="step" car='Subaru WRX STI' completion=3.569838290079522 speed=49.99999999999608 run_id='b17c165f'
time=2025-11-09 21:51:38,347 level=DEBUG run_id=b17c165f module=car_sim.engine msg="step" car='Honda Civic Type R' completion=3.847493467595474 speed=53.99999999968675 run_id='b17c165f'
time=2025-11-09 21:51:38,347 level=DEBUG run_id=b17c165f module=car_sim.engine msg="step" car='Subaru WRX STI' completion=3.5784589797346937 speed=49.99999999999634 run_id='b17c165f'
time=2025-11-09 21:51:38,358 level=DEBUG run_id=b17c165f module=car_sim.engine msg="step" car='Honda Civic Type R' completion=3.856803812423009 speed=53.999999999704876 run_id='b17c165f'
time=2025-11-09 21:51:38,358 level=DEBUG run_id=b17c165f module=car_sim.engine msg="step" car='Subaru WRX STI' completion=3.5870796693898654 speed=49.99999999999659 run_id='b17c165f'
time=2025-11-09 21:51:38,369 level=DEBUG run_id=b17c165f module=car_sim.engine msg="step" car='Honda Civic Type R' completion=3.8661141572505477 speed=53.99999999972196 run_id='b17c165f'
time=2025-11-09 21:51:38,369 level=DEBUG run_id=b17c165f module=car_sim.engine msg="step" car='Subaru WRX STI' completion=3.595700359045037 speed=49.99999999999682 run_id='b17c165f'
time=2025-11-09 21:51:38,379 level=DEBUG run_id=b17c165f module=car_sim.engine msg="step" car='Honda Civic Type R' completion=3.875424502078089 speed=53.999999999738044 run_id='b17c165f'
time=2025-11-09 21:51:38,379 level=DEBUG run_id=b17c165f module=car_sim.engine msg="step" car='Subaru WRX STI' completion=3.604321048700209 speed=49.99999999999703 run_id='b17c165f'
time=2025-11-09 21:51:38,389 level=DEBUG run_id=b17c165f module=car_sim.engine msg="step" car='Honda Civic Type R' completion=3.8847348469056326 speed=53.99999999975321 run_id='b17c165f'
time=2025-11-09 21:51:38,389 level=DEBUG run_id=b17c165f module=car_sim.engine msg="step" car='Subaru WRX STI' completion=3.612941738355381 speed=49.99999999999723 run_id='b17c165f'
time=2025-11-09 21:51:38,399 level=DEBUG run_id=b17c165f module=car_sim.engine msg="step" car='Honda Civic Type R' completion=3.8940451917331784 speed=53.99999999976749 run_id='b17c165f'
time=2025-11-09 21:51:38,399 level=DEBUG run_id=b17c165f module=car_sim.engine msg="step" car='Subaru WRX STI' completion=3.6215624280105527 speed=49.999999999997414 run_id='b17c165f'
time=2025-11-09 21:51:38,410 level=DEBUG run_id=b17c165f module=car_sim.engine msg="step" car='Honda Civic Type R' completion=3.903355536560727 speed=53.99999999978095 run_id='b17c165f'
time=2025-11-09 21:51:38,410 level=DEBUG run_id=b17c165f module=car_sim.engine msg="step" car='Subaru WRX STI' completion=3.6301831176657244 speed=49.99999999999759 run_id='b17c165f'
time=2025-11-09 21:51:38,421 level=DEBUG run_id=b17c165f module=car_sim.engine msg="step" car='Honda Civic Type R' completion=3.9126658813882775 speed=53.99999999979362 run_id='b17c165f'
time=2025-11-09 21:51:38,421 level=DEBUG run_id=b17c165f module=car_sim.engine msg="step" car='Subaru WRX STI' completion=3.638803807320896 speed=49.999999999997755 run_id='b17c165f'
time=2025-11-09 21:51:38,431 level=DEBUG run_id=b17c165f module=car_sim.engine msg="step" car='Honda Civic Type R' completion=3.9219762262158304 speed=53.99999999980557 run_id='b17c165f'
time=2025-11-09 21:51:38,431 level=DEBUG run_id=b17c165f module=car_sim.engine msg="step" car='Subaru WRX STI' completion=3.647424496976068 speed=49.999999999997904 run_id='b17c165f'
time=2025-11-09 21:51:38,442 level=DEBUG run_id=b17c165f module=car_sim.engine msg="step" car='Honda Civic Type R' completion=3.9312865710433855 speed=53.99999999981682 run_id='b17c165f'
time=2025-11-09 21:51:38,442 level=DEBUG run_id=b17c165f module=car_sim.engine msg="step" car='Subaru WRX STI' completion=3.6560451866312396 speed=49.999999999998046 run_id='b17c165f'
time=2025-11-09 21:51:38,452 level=DEBUG run_id=b17c165f module=car_sim.engine msg="step" car='Honda Civic Type R' completion=3.940596915870942 speed=53.99999999982742 run_id='b17c165f'
time=2025-11-09 21:51:38,452 level=DEBUG run_id=b17c165f module=car_sim.engine msg="step" car='Subaru WRX STI' completion=3.664665876286412 speed=49.99999999999818 run_id='b17c165f'
time=2025-11-09 21:51:38,462 level=DEBUG run_id=b17c165f module=car_sim.engine msg="step" car='Honda Civic Type R' completion=3.9499072606985 speed=53.999999999837414 run_id='b17c165f'
time=2025-11-09 21:51:38,462 level=DEBUG run_id=b17c165f module=car_sim.engine msg="step" car='Subaru WRX STI' completion=3.6732865659415848 speed=49.9999999999983 run_id='b17c165f'
time=2025-11-09 21:51:38,473 level=DEBUG run_id=b17c165f module=car_sim.engine msg="step" car='Honda Civic Type R' completion=3.9592176055260597 speed=53.99999999984682 run_id='b17c165f'
time=2025-11-09 21:51:38,473 level=DEBUG run_id=b17c165f module=car_sim.engine msg="step" car='Subaru WRX STI' completion=3.681907255596757 speed=49.999999999998415 run_id='b17c165f'
time=2025-11-09 21:51:38,483 level=DEBUG run_id=b17c165f module=car_sim.engine msg="step" car='Honda Civic Type R' completion=3.968527950353621 speed=53.99999999985569 run_id='b17c165f'
time=2025-11-09 21:51:38,483 level=DEBUG run_id=b17c165f module=car_sim.engine msg="step" car='Subaru WRX STI' completion=3.6905279452519295 speed=49.99999999999852 run_id='b17c165f'
time=2025-11-09 21:51:38,494 level=DEBUG run_id=b17c165f module=car_sim.engine msg="step" car='Honda Civic Type R' completion=3.977838295181184 speed=53.99999999986404 run_id='b17c165f'
time=2025-11-09 21:51:38,494 level=DEBUG run_id=b17c165f module=car_sim.engine msg="step" car='Subaru WRX STI' completion=3.6991486349071017 speed=49.99999999999862 run_id='b17c165f'
time=2025-11-09 21:51:38,504 level=DEBUG run_id=b17c165f module=car_sim.engine msg="step" car='Honda Civic Type R' completion=3.987148640008748 speed=53.9999999998719 run_id='b17c165f'
time=2025-11-09 21:51:38,504 level=DEBUG run_id=b17c165f module=car_sim.engine msg="step" car='Subaru WRX STI' completion=3.7077693245622743 speed=49.999999999998714 run_id='b17c165f'
time=2025-11-09 21:51:38,514 level=DEBUG run_id=b17c165f module=car_sim.engine msg="step" car='Honda Civic Type R' completion=3.996458984836314 speed=53.999999999879314 run_id='b17c165f'
time=2025-11-09 21:51:38,514 level=DEBUG run_id=b17c165f module=car_sim.engine msg="step" car='Subaru WRX STI' completion=3.716390014217447 speed=49.9999999999988 run_id='b17c165f'
time=2025-11-09 21:51:38,525 level=DEBUG run_id=b17c165f module=car_sim.engine msg="step" car='Honda Civic Type R' completion=4.00576932966388 speed=53.9999999998863 run_id='b17c165f'
time=2025-11-09 21:51:38,525 level=DEBUG run_id=b17c165f module=car_sim.engine msg="step" car='Subaru WRX STI' completion=3.725010703872619 speed=49.99999999999888 run_id='b17c165f'
time=2025-11-09 21:51:38,535 level=INFO run_id=b17c165f module=car_sim.engine msg="race_end" track='Monza' laps=4 run_id='b17c165f'
time=2025-11-09 21:51:38,535 level=INFO run_id=b17c165f module=car_sim.engine msg="winner" winner='2021 Honda Civic Type R' run_id='b17c165f'
